id,location,name,specification,type_name,inventory_status_code,work_order_name,account_code,clli_code,st_clli_cd,st_co_id,st_ownr_co_nm,st_vntge_yr,st_rmks,st_sap_actvy_cd,st_sap_ntwk_id,average_floor_height,starting_floor,ending_floor,ground_floor_number
STRUCTURE_REG16/9419,0101000000BCF7F8038C2A5AC040FC27E5D9394940,BUILD:BUS:C218374,,BUS,IPL,,,REGNSK,,REGNSK01,SASKTEL,,NOT IN MARTENS,,,,,,
STRUCTURE_REG16/9420,01010000008033DCA6762A5AC0B89D97A6E2394940,BUILD:BUS:C220770,,BUS,IPL,,,REGNSK,,REGNSK01,SASKTEL,,NOT IN MARTENS,,,,,,
STRUCTURE_REG16/9445,0101000000C0932559382A5AC0B81C02F6BA394940,BUILD:BUS:C255066,,BUS,IPL,,,REGNSK,,REGNSK01,SASKTEL,,,,,,,,
STRUCTURE_REG16/10455,0101000000F8FBC76D142B5AC0E8AE4A615F3A4940,BUILD:BUS:C223424,,BUS,IPL,,,REGNSK,,REGNSK04,SASKTEL,,,,,,,,
STRUCTURE_REG16/10456,01010000001C2A86DE142B5AC08812EE81553A4940,BUILD:BUS:C223439,,BUS,IPL,,,REGNSK,,REGNSK04,SASKTEL,,,,,,,,
STRUCTURE_REG16/10543,0101000000943D971686295AC080D3E3ADA93B4940,BUILD:BUS:C233082,,BUS,IPL,,,REGNSK,,REGNSK04,SASKTEL,,NO AP IN MARTENS,,,,,,
STRUCTURE_REG16/10828,0101000000C83D576D142B5AC08851E2706F3A4940,BUILD:BUS:C223405,,BUS,IPL,,,REGNSK,,REGNSK04,SASKTEL,,,,,,,,
STRUCTURE_REG16/12092,0101000000ECAE88A182295AC090B6175CA93B4940,BUILD:BUS:C233086,,BUS,IPL,,,REGNSK,,REGNSK04,SASKTEL,,NO AP IN MARTENS,,,,,,
STRUCTURE_REG16/27420,0101000000FC8ACD788F2A5AC0B0E2BEBC1D3A4940,BUILD:BUS:C220776,,BUS,IPL,,,REGNSK,,REGNSK01,SASKTEL,,NOT IN MARTENS,,,,,,
STRUCTURE_REG16/27581,01010000002C453E24662C5AC0B0F2155BC33B4940,BUILD:BUS:C211611,,BUS,IPL,,,REGNSK,,REGNSK04,SASKTEL,,NO AP IN MARTENS,,,,,,
STRUCTURE_REG16/27637,0101000000E8481C1C662C5AC0084F642AE03B4940,BUILD:BUS:C207289,,BUS,IPL,,,REGNSK,,REGNSK04,SASKTEL,,NO AP IN MARTENS,,,,,,
STRUCTURE_REG16/27811,0101000000B04D41B6802C5AC0C00B1A4EA73B4940,BUILD:BUS:C211584,,BUS,IPL,,,REGNSK,,REGNSK04,SASKTEL,,NO AP IN MARTENS,,,,,,
STRUCTURE_REG16/27874,010100000070055807872C5AC018A18679D33B4940,BUILD:BUS:C207311,,BUS,IPL,,,REGNSK,,REGNSK04,SASKTEL,,NO AP IN MARTENS,,,,,,
STRUCTURE_REG16/31186,01010000000C77637E24295AC0A87143B45F3C4940,BUILD:MDU::12593163,,MDU,PDA,REGNSK112103-0010,,REGNSK,,REGNSK04,SASKTEL,2023,,0010,112103,,,,
STRUCTURE_REG16/33763,010100000080A9E09C432A5AC068413FF8B53A4940,BUILD:BUS:C226617,,BUS,IPL,,,REGNSK,,REGNSK04,SASKTEL,,,,,,,,
STRUCTURE_REG16/34118,0101000000CC81D9957A295AC0F8E78639103A4940,BUILD:BUS::12231242,,BUS,IPL,REGN110455-0010,LACC_AAERIAL_F,REGNSK,,REGNSK01,SASKTEL,2022,,0010,110455,,,,
STRUCTURE_REG16/34658,01010000008825CE52FE285AC0F0F1B144B23A4940,BUILD:MDU::12168538,,MDU,PDA,REGN110154-0010,,REGNSK,,REGNSK01,SASKTEL,2022,,0010,110154,,,,
STRUCTURE_REG16/35814,0101000000C01439D2862A5AC00893FDEE3B3B4940,BUILD:MDU::10796074,,MDU,PDA,REGN101875-0010,,REGNSK,,REGNSK04,SASKTEL,2020,,0010,101875,,,,
STRUCTURE_REG16/35872,010100000028CE07BACC295AC0C88EE5AEBC394940,BUILD:BUS::13176229,,BUS,IPL,,,REGNSK,,REGNSK01,SASKTEL,2024,,0000,824072,,,,
STRUCTURE_REG16/36480,01010000005C819F73E2295AC0A816A294673B4940,BUILD:MDU::10747403,,MDU,PDA,REGN101264-0010,,REGNSK,,REGNSK04,SASKTEL,2019,,0010,101264,,,,
STRUCTURE_REG16/36483,01010000008832268DE9295AC0D0F6834F6D3B4940,BUILD:MDU::10747787,,MDU,PDA,REGN101264-0010,,REGNSK,,REGNSK04,SASKTEL,2019,,0010,101264,,,,
STRUCTURE_REG16/36490,0101000000D04CC701D3295AC0083F505F703B4940,BUILD:MDU::10747402,,MDU,PDA,REGN101264-0010,,REGNSK,,REGNSK04,SASKTEL,2019,,0010,101264,,,,
STRUCTURE_REG16/36900,0101000000FC85D75BCE295AC028F11038E5394940,BUILD:BUS::10682156,,BUS,IPL,,,REGNSK,,REGNSK01,SASKTEL,,,,,,,,
STRUCTURE_REG16/40520,0101000000D450DC84EA295AC0A8DF891C8C3B4940,BUILD:MDU::13245343,,MDU,IPL,REGN116724,,REGNSK,,REGNSK04,SASKTEL,2024,,0010,116724,,,,
STRUCTURE_REG16/43954,0101000000A41A14D25C295AC0F80C5A158F3B4940,BUILD:MDU::12680862,,MDU,IPL,,,REGNSK,,REGNSK04,SASKTEL,,,,,,,,
STRUCTURE_REG16/46136,010100000058F9EE21E42A5AC0500A2D374D3A4940,BUILD:BUS:C223629,,BUS,IPL,,,REGNSK,,REGNSK04,SASKTEL,,,,,,,,
STRUCTURE_REG16/46412,01010000000C2ADEB971295AC0506EAA74CB3B4940,BUILD:MDU::13089821,,MDU,IPL,REGN114606,,REGNSK,,REGNSK04,SASKTEL,2023,,0010,114606,,,,
STRUCTURE_REG16/46433,0101000000809A91A971295AC018D55449B63B4940,BUILD:MDU::13089827,,MDU,IPL,REGN114606,,REGNSK,,REGNSK04,SASKTEL,2023,,0010,114606,,,,
STRUCTURE_REG16/48299,01010000006C92723976295AC01839ECDA383B4940,BUILD:MDU::10749019,,MDU,IPL,,LACC_AAERIAL_F,REGNSK,,REGNSK04,,2020,,0010,101300,,,,
STRUCTURE_REG16/48358,010100000048EF79D05C295AC0604EAD848F3B4940,BUILD:MDU::13314151,,MDU,IPL,,,REGNSK,,REGNSK04,SASKTEL,,,,,,,,
STRUCTURE_REG16/54657,0101000000A8A172EBCC295AC080DF642D5B3B4940,BUILD:BUS:C229676,,BUS,IPL,,,REGNSK,,REGNSK04,SASKTEL,,,,,,,,
STRUCTURE_REG16/57519,01010000009C96B9D500295AC0687D66BDD63A4940,BUILD:BUS:C201981,,BUS,IPL,,,REGNSK,,REGNSK01,SASKTEL,,,,,,,,
STRUCTURE_REG16/59624,0101000000140BDB00802B5AC0905990AFC23B4940,BUILD:MDU::11500410,,MDU,PDA,REGN106535-0010,,REGNSK,,REGNSK04,SASKTEL,2021,,0010,106535,,,,
STRUCTURE_REG16/59625,0101000000CC89E4FB872B5AC0F8548692C53B4940,BUILD:MDU::11500411,,MDU,PDA,REGN106535-0010,,REGNSK,,REGNSK04,SASKTEL,2021,,0010,106535,,,,
STRUCTURE_REG16/59858,010100000010798148752B5AC030A6A9D0C63B4940,BUILD:MDU::11500395,,MDU,PDA,REGN106535-0010,,REGNSK,,REGNSK04,SASKTEL,2021,,0010,106535,,,,
STRUCTURE_REG16/59859,01010000007CB2A6D5772B5AC008E6DD35C13B4940,BUILD:MDU::11500396,,MDU,PDA,REGN106535-0010,,REGNSK,,REGNSK04,SASKTEL,2021,,0010,106535,,,,
STRUCTURE_REG16/59860,0101000000045CE375752B5AC0D0D5894AB13B4940,BUILD:MDU::11500398,,MDU,PDA,REGN106535-0010,,REGNSK,,REGNSK04,SASKTEL,2021,,0010,106535,,,,
STRUCTURE_REG16/59861,0101000000281F84AB7C2B5AC080614438AC3B4940,BUILD:MDU::11500399,,MDU,PDA,REGN106535-0010,,REGNSK,,REGNSK04,SASKTEL,2021,,0010,106535,,,,
STRUCTURE_REG16/61060,010100000098E2CC0AE0295AC010E1A9FE833B4940,BUILD:MDU::10746138,,MDU,PDA,REGN101263-0010,,REGNSK,,REGNSK04,SASKTEL,2019,,0010,101263,,,,
STRUCTURE_REG16/61061,010100000030124B11D3295AC090E5F10F763B4940,BUILD:MDU::10746141,,MDU,PDA,REGN101263-0010,,REGNSK,,REGNSK04,SASKTEL,2019,,0010,101263,,,,
STRUCTURE_REG16/61092,010100000004E4B2D491295AC0D00150FF383B4940,BUILD:MDU::13093694,,MDU,IPL,REGN114701,,REGNSK,,REGNSK04,SASKTEL,2023,,0010,114701,,,,
STRUCTURE_REG16/61093,010100000094C12D2CD3295AC0B0E57192D23A4940,BUILD:MDU::13093695,,MDU,IPL,REGN114701,,REGNSK,,REGNSK04,SASKTEL,2023,,0010,114701,,,,
STRUCTURE_REG16/68173,01010000006435CCEC0D295AC0404BDE0D5D3C4940,BUILD:BUS:C213971,,BUS,IPL,,,REGNSK,,REGNSK04,SASKTEL,,,,,,,,
STRUCTURE_REG16/68580,01010000006033A1F83A295AC088CC8A853A3C4940,BUILD:BUS:C213892,,BUS,IPL,,,REGNSK,REGNSK1G001,REGNSK04,SASKTEL,,,,,,,,
STRUCTURE_REG16/71058,01010000006C26238A702C5AC0B0DA6611A73B4940,BUILD:BUS:C211867,,BUS,IPL,,,REGNSK,REGNSK1N070,REGNSK04,SASKTEL,,,,,12.0,0,1,1
STRUCTURE_REG16/71662,01010000008868E0ECFB2A5AC050E5904E093C4940,BUILD:BUS:C211337,,BUS,IPL,,,REGNSK,,REGNSK04,SASKTEL,,NO AP IN MARTENS,,,,,,
STRUCTURE_REG16/71663,0101000000C4F7EB6CED2A5AC0A8173DA3EC3B4940,BUILD:BUS:C211403,,BUS,IPL,,,REGNSK,,REGNSK04,SASKTEL,,NO AP IN MARTENS,,,,,,
STRUCTURE_REG16/71766,0101000000DCFFFFB3312A5AC090B4F9245C3B4940,BUILD:BUS:C235404,,BUS,IPL,,,REGNSK,REGNSK1L116,REGNSK04,SASKTEL,,,,,12.0,0,1,1
STRUCTURE_REG16/76083,0101000000E42F5A6BFB285AC0C0B4F192053B4940,BUILD:BUS:C201751,,BUS,IPL,,,REGNSK,,REGNSK01,SASKTEL,,,,,,,,
STRUCTURE_REG16/76436,0101000000383D57AA77295AC048E152B9BC3B4940,BUILD:BUS:C195848,,BUS,IPL,,,REGNSK,,REGNSK04,SASKTEL,,,,,,,,
STRUCTURE_REG16/76437,0101000000C04D067A7A295AC0C8CF70E4B03B4940,BUILD:BUS:C195885,,BUS,IPL,,,REGNSK,,REGNSK04,SASKTEL,,AP NOT IN MARTENS,,,,,,
STRUCTURE_REG16/77031,0101000000F4D1AB2CEA295AC050D9D4D9863B4940,BUILD:BUS:C229638,,BUS,IPL,,,REGNSK,,REGNSK04,SASKTEL,,,,,,,,
STRUCTURE_REG16/92204,01010000005424E944492A5AC0A8D73228B93A4940,BUILD:BUS:C226576,,BUS,IPL,,,REGNSK,,REGNSK04,SASKTEL,,NO AP IN MARTENS,,,,,,
STRUCTURE_REG16/92795,0101000000A4DB8BC88D2A5AC0484B1393903B4940,BUILD:BUS:C195558,,BUS,IPL,,,REGNSK,REGNSK1Z065,REGNSK04,SASKTEL,,,,,12.0,0,1,1
STRUCTURE_REG16/92797,010100000094B5EF7F772A5AC0C845E930313C4940,BUILD:BUS:C210371,,BUS,IPL,,,REGNSK,,REGNSK04,SASKTEL,,,,,,,,
STRUCTURE_REG16/92798,01010000007CEEE5EDF12A5AC0305FC060F13B4940,BUILD:BUS:C211406,,BUS,IPL,,,REGNSK,,REGNSK04,SASKTEL,,NO AP IN MARTENS,,,,,,
STRUCTURE_REG16/92799,0101000000AC2CDE83E82A5AC070B6EDD9053C4940,BUILD:BUS:C211413,,BUS,IPL,,,REGNSK,,REGNSK04,SASKTEL,,NO AP IN MARTENS,,,,,,
STRUCTURE_REG16/92800,0101000000C0FB81DDF62A5AC0D80E5182073C4940,BUILD:BUS:C211428,,BUS,IPL,,,REGNSK,,REGNSK04,SASKTEL,,,,,,,,
STRUCTURE_REG16/92801,010100000008D5DAEF012B5AC0F02EDBB1053C4940,BUILD:BUS:C211432,,BUS,IPL,,,REGNSK,,REGNSK04,SASKTEL,,NO AP IN MARTENS,,,,,,
STRUCTURE_REG16/92880,010100000094C5D4C8342B5AC0F8FE28B2E23A4940,BUILD:BUS:C198288,,BUS,IPL,,,REGNSK,,REGNSK04,SASKTEL,,,,,,,,
STRUCTURE_REG16/93121,01010000009CE9F58CFC2A5AC07874FBD0B83B4940,BUILD:BUS:C202676,,BUS,IPL,,,REGNSK,,REGNSK04,SASKTEL,,,,,,,,
STRUCTURE_REG16/118206,010100000020891C2ADF285AC0A8CCF8241B3A4940,BUILD:BUS:C265364,,BUS,IPL,,,REGNSK,REGNSK1L219,REGNSK01,SASKTEL,,NO AP IN MARTENS; OLD SASKTEL CLLI REGNSK1C065,,,12.0,0,1,1
STRUCTURE_REG16/118707,01010000002055E3BE182B5AC0C874E2F1BB394940,BUILD:BUS:C220711,,BUS,IPL,,,REGNSK,,REGNSK01,SASKTEL,,NOT IN MARTENS,,,,,,
STRUCTURE_REG16/129660,010100000030CAAA3DA92A5AC038EC4E7CD7394940,BUILD:SEB:C220937,,SEB,IPL,,,REGNSK,REGNSKTR,REGNSK01,SASKTEL,,,,,3.7,0,1,1
STRUCTURE_REG16/134601,010100000098928344002B5AC0B0D1873B523A4940,BUILD:BUS:C223620,,BUS,IPL,,,REGNSK,,REGNSK04,SASKTEL,1987,,,511843,,,,
STRUCTURE_REG16/135251,010100000028186F0D87295AC0300CB398E4394940,BUILD:BUS:C197310,,BUS,IPL,,,REGNSK,,REGNSK01,SASKTEL,,,,,,,,
STRUCTURE_REG16/135253,010100000004DF3EEF89295AC0789BDC01F4394940,BUILD:BUS:C197462,,BUS,IPL,,,REGNSK,,REGNSK01,SASKTEL,,,,,,,,
STRUCTURE_REG16/135254,01010000008C1EEFF0BF295AC0B856BF62E5394940,BUILD:BUS:C201197,,BUS,IPL,,,REGNSK,,REGNSK01,SASKTEL,,,,,,,,
STRUCTURE_REG16/135255,010100000014E50232BC295AC0281F5D07EF394940,BUILD:BUS:C201210,,BUS,IPL,,,REGNSK,,REGNSK01,SASKTEL,,,,,,,,
STRUCTURE_REG16/135256,01010000006075FA2DD9295AC068DD1094EF394940,BUILD:BUS:C201342,,BUS,IPL,,,REGNSK,,REGNSK01,SASKTEL,,,,,,,,
STRUCTURE_REG16/135257,01010000005C922886D4295AC0D08F0087F3394940,BUILD:BUS:C201350,,BUS,IPL,,,REGNSK,,REGNSK01,SASKTEL,,,,,,,,
STRUCTURE_REG16/137839,0101000000F8C6FD65DC295AC0C81B0F0C593B4940,BUILD:BUS:C229666,,BUS,IPL,,,REGNSK,REGNSK1K113,REGNSK04,SASKTEL,,,,,,,,
STRUCTURE_REG16/139336,0101000000ECB35AF80B295AC0006D8247523B4940,BUILD:BUS:C203840,,BUS,IPL,,,REGNSK,REGNSK1L130,REGNSK01,SASKTEL,,NOT IN MARTENS,,,12.0,0,1,1
STRUCTURE_REG16/139377,0101000000C0DD401E0D295AC028347C8AEA3B4940,BUILD:BUS:C187240,,BUS,IPL,,,REGNSK,,REGNSK01,SASKTEL,,,,,,,,
STRUCTURE_REG16/139614,010100000098A9CC71E7285AC00828D6414F3A4940,BUILD:BUS::6649770,,BUS,IPL,,,REGNSK,REGNSK1L139,REGNSK01,SASKTEL,2013,,0010,962939,12.0,0,1,1
STRUCTURE_REG16/140058,0101000000BC0044BF8B295AC0C00452F5BA3B4940,BUILD:MDU::12668046,,MDU,IPL,,,REGNSK,,REGNSK04,SASKTEL,,,,,,,,
STRUCTURE_REG16/140061,0101000000182274BE82295AC0A8DDB629BD3B4940,BUILD:MDU::12668051,,MDU,IPL,,,REGNSK,,REGNSK04,SASKTEL,,,,,,,,
STRUCTURE_REG16/141058,0101000000688FAC363E295AC0B86EC4ACFA394940,BUILD:BUS:C218209,,BUS,IPL,,,REGNSK,,REGNSK01,SASKTEL,,,,,,,,
STRUCTURE_REG16/142421,010100000000DC938A5D295AC080431C16A33B4940,BUILD:MDU::12667766,,MDU,IPL,,,REGNSK,,REGNSK04,SASKTEL,,,,,,,,
STRUCTURE_REG16/142498,010100000074E970BE82295AC098C1C4FEB63B4940,BUILD:MDU::12668370,,MDU,IPL,,,REGNSK,,REGNSK04,SASKTEL,,,,,,,,
STRUCTURE_REG16/152102,010100000080B9DE82412A5AC08090C7A1B83A4940,BUILD:BUS::11230922,,BUS,IPL,,,REGNSK,,REGNSK04,SASKTEL,2020,,0010,104869,,,,
STRUCTURE_REG16/152103,0101000000B08A6C243F2A5AC0E8ADBBC5B83A4940,BUILD:BUS::11230923,,BUS,IPL,,,REGNSK,,REGNSK04,SASKTEL,2020,,0010,104869,,,,
STRUCTURE_REG16/155602,0101000000C4D850048D295AC008F1B934BA3B4940,BUILD:MDU::12680230,,MDU,IPL,,,REGNSK,,REGNSK04,SASKTEL,,,,,,,,
STRUCTURE_REG16/155603,01010000003C3F51AE50295AC0F8508DF7A03B4940,BUILD:MDU::12680543,,MDU,IPL,,,REGNSK,,REGNSK04,SASKTEL,,,,,,,,
STRUCTURE_REG16/155606,0101000000F8E1EC7881295AC030DC5204C13B4940,BUILD:MDU::12680553,,MDU,IPL,,,REGNSK,,REGNSK04,SASKTEL,,,,,,,,
STRUCTURE_REG16/157882,01010000007C5E790FDE285AC018C1751B4D3A4940,BUILD:BUS:C202196,,BUS,IPL,,,REGNSK,,REGNSK01,SASKTEL,,,,,,,,
STRUCTURE_REG16/159000,010100000058D4945572295AC0A0B08B0F243A4940,BUILD:BUS:C197665,,BUS,IPL,,,REGNSK,REGNSK1N185,REGNSK01,SASKTEL,,,,,12.0,0,1,1
STRUCTURE_REG16/159295,0101000000BCA2D776C5285AC0185A3ADFC2394940,BUILD:BUS:C220964,,BUS,IPL,,,REGNSK,REGNSKJ6107,REGNSK01,SASKTEL,,,,,12.0,0,1,1
STRUCTURE_REG16/160220,0101000000ACA90DFDFC285AC0205EC201EA3A4940,BUILD:BUS::12196686,,BUS,IPL,,,REGNSK,,REGNSK01,,2022,,0000,817859,,,,
STRUCTURE_REG16/160451,0101000000405D37B487295AC060EF10C9C73B4940,BUILD:MDU::12680900,,MDU,IPL,,,REGNSK,,REGNSK04,SASKTEL,,,,,,,,
STRUCTURE_REG16/160503,0101000000FCC5E01F3E295AC0C0107D07973B4940,BUILD:MDU::6703196,,MDU,IPL,,,REGNSK,,REGNSK04,SASKTEL,2012,,0010,963983,,,,
STRUCTURE_REG16/160505,0101000000E0129B1D562A5AC020216FCB9D3A4940,BUILD:MDU::8280897,,MDU,IPL,,,REGNSK,,REGNSK04,SASKTEL,2014,,0010,974523,,,,
STRUCTURE_REG16/160527,010100000084EE4D644A2A5AC070143CCC713A4940,BUILD:MDU::8073121,,MDU,IPL,,,REGNSK,,REGNSK04,SASKTEL,2014,,0010,974523,,,,
STRUCTURE_REG16/160555,010100000074E2C04BD3295AC0B03E9FE7E03A4940,BUILD:MDU::10749997,,MDU,IPL,,,REGNSK,,REGNSK04,SASKTEL,2020,,0010,101279,,,,
STRUCTURE_REG16/160582,0101000000F00D486C3E295AC058D142162A3A4940,BUILD:MDU::10563516,,MDU,IPL,,,REGNSK,,REGNSK01,SASKTEL,,,,,,,,
STRUCTURE_REG16/160887,010100000068B15075EC295AC0A0EA2E28CA3A4940,BUILD:MDU::10542307,,MDU,IPL,,,REGNSK,,REGNSK04,SASKTEL,,,,,,,,
STRUCTURE_REG16/160904,010100000068DE8DDF3D295AC018180DE1A43B4940,BUILD:MDU::6703199,,MDU,IPL,,,REGNSK,,REGNSK04,SASKTEL,2012,,0010,963983,,,,
STRUCTURE_REG16/161119,0101000000B86D6A96C7295AC098C0659CE63A4940,BUILD:MDU::8202394,,MDU,IPL,,,REGNSK,REGNSK1L239,REGNSK04,SASKTEL,2014,,0010,966843,,,,
STRUCTURE_REG16/161324,01010000006411679E4C295AC040693D23A13B4940,BUILD:MDU::6701293,,MDU,IPL,,,REGNSK,,REGNSK04,SASKTEL,2013,,0010,963983,,,,
STRUCTURE_REG16/161767,010100000038D6D1E0D2295AC0E87D08E96A3B4940,BUILD:MDU::7312524,,MDU,IPL,,,REGNSK,,REGNSK04,SASKTEL,2013,,0010,966714,,,,
STRUCTURE_REG16/162405,010100000024D61CFF492A5AC0A83B407E963A4940,BUILD:MDU::8073117,,MDU,IPL,,,REGNSK,,REGNSK04,SASKTEL,2014,,0010,974523,,,,
STRUCTURE_REG16/162409,010100000038DAA045E2295AC05051D3D36C3B4940,BUILD:MDU::10563491,,MDU,IPL,,,REGNSK,,REGNSK04,SASKTEL,,,,,,,,
STRUCTURE_REG16/162969,0101000000A0B50F6AE0295AC00046EBA3713B4940,BUILD:MDU::7312523,,MDU,IPL,,,REGNSK,,REGNSK04,SASKTEL,2013,,0010,966713,,,,
STRUCTURE_REG16/163286,0101000000F08F4081EC295AC0C02E4B27D13A4940,BUILD:MDU::10542296,,MDU,IPL,,,REGNSK,,REGNSK04,SASKTEL,,,,,,,,
STRUCTURE_REG16/163486,0101000000F0BD688A3E295AC0980672E1A43B4940,BUILD:MDU::6703198,,MDU,IPL,,,REGNSK,,REGNSK04,SASKTEL,2012,,0010,963983,,,,
STRUCTURE_REG16/167134,010100000014E78B97D02A5AC0701FAD2F273C4940,BUILD:BUS:D7296026,,BUS,IPL,,,REGNSK,,REGNSK04,SASKTEL,,,,,,,,
STRUCTURE_REG16/171518,0101000000106FE655D2295AC098A6F6F95A3B4940,BUILD:BUS::7976475,,BUS,IPL,,,REGNSK,,REGNSK04,SASKTEL,2014,,0010,976151,,,,
STRUCTURE_REG16/173422,010100000028CB019C6D2A5AC0A8BEA6B3C53A4940,BUILD:BUS::8081115,,BUS,IPL,,,REGNSK,,REGNSK04,SASKTEL,2014,,0010,974523,,,,
STRUCTURE_REG16/174456,0101000000E817B7941D295AC050E3E26B393C4940,BUILD:BUS::8271261,,BUS,IPL,,,REGNSK,REGNSK1L526,REGNSK04,SASKTEL,2014,,0010,977982,,,,
STRUCTURE_REG16/174576,010100000070F7064DB52B5AC0588A8E98A43B4940,BUILD:BUS::8045274,,BUS,IPL,,,REGNSK,,REGNSK04,SASKTEL,1974,,,0,,,,
STRUCTURE_REG16/198746,01010000000491057F112B5AC018CC453A4B3A4940,BUILD:BUS:C223609,,BUS,IPL,,,REGNSK,,REGNSK04,SASKTEL,,,,,,,,
STRUCTURE_REG16/202136,0101000000682F380939295AC0907C25FDEE394940,BUILD:MDU::13021323,,MDU,PDA,REGN110455-0010,LACC_ATRENCH_F,REGNSK,,REGNSK01,SASKTEL,2023,,0010,110455,,,,
STRUCTURE_REG16/204465,01010000002C815E2FE2285AC0F0B3CB034D3A4940,BUILD:BUS:C202202,,BUS,IPL,,,REGNSK,REGNSK8P484,REGNSK01,SASKTEL,,,,,,,,
STRUCTURE_REG16/208022,0101000000905EEB8A2D2B5AC0009BAD08733B4940,BUILD:BUS:C203528,,BUS,IPL,,,REGNSK,,REGNSK04,SASKTEL,,,,,,,,
STRUCTURE_REG16/208023,0101000000A017445DF12A5AC0B86B6C90F83B4940,BUILD:BUS:C211446,,BUS,IPL,,,REGNSK,,REGNSK04,SASKTEL,,NO AP IN MARTENS,,,,,,
STRUCTURE_REG16/212563,0101000000B4EBB25364295AC038EE4334F3394940,BUILD:BUS:C264381,,BUS,IPL,,,REGNSK,,REGNSK01,SASKTEL,,,,,,,,
STRUCTURE_REG16/214782,0101000000A482941CD3295AC0389D38E1E73A4940,BUILD:MDU::10749996,,MDU,IPL,,,REGNSK,,REGNSK04,SASKTEL,2020,,0010,101279,,,,
STRUCTURE_REG16/216161,010100000090B02F0CEA285AC01095A8AC203A4940,BUILD:BUS::7882394,,BUS,IPL,,,REGNSK,REGNSK1L219,REGNSK01,SASKTEL,2015,,0010,975222,,,,
STRUCTURE_REG16/222076,01010000008C2B93B9D0295AC068572152843B4940,BUILD:MDU::12291082,,MDU,PDA,REGN110945-0010,,REGNSK,,REGNSK04,SASKTEL,2022,,0010,110945,,,,
STRUCTURE_REG16/222171,0101000000A4FC2A14172B5AC028AFFED7923B4940,BUILD:BUS::13201850,,BUS,IPL,,,REGNSK,,REGNSK04,SASKTEL,2024,,0000,824577,,,,
STRUCTURE_REG16/223098,0101000000BCAFD6F868295AC0D0078B2AC63B4940,BUILD:MDU::13089822,,MDU,IPL,REGN114606,,REGNSK,,REGNSK04,SASKTEL,2023,,0010,114606,,,,
STRUCTURE_REG16/223251,0101000000C8F474436D295AC0B85D4455383B4940,BUILD:MDU::10749018,,MDU,IPL,,LACC_AAERIAL_F,REGNSK,,REGNSK04,,2020,,0010,101300,,,,
STRUCTURE_REG16/225226,01010000003C1CB7A7CA285AC0804FF3954D3A4940,BUILD:BUS:C202212,,BUS,IPL,,,REGNSK,,REGNSK01,SASKTEL,,,,,,,,
STRUCTURE_REG16/225543,01010000009C3257366E2A5AC0E83B1B06B43A4940,BUILD:BUS:C218176,,BUS,IPL,,,REGNSK,,REGNSK04,SASKTEL,,,,,,,,
STRUCTURE_REG16/227668,0101000000F0A7CF06072B5AC0D096568AB73B4940,BUILD:BUS:C203748,,BUS,IPL,,,REGNSK,,REGNSK04,SASKTEL,,,,,,,,
STRUCTURE_REG16/228604,010100000004CAFBA5362B5AC0D042FFFA643B4940,BUILD:BUS:C203385,,BUS,IPL,,,REGNSK,,REGNSK04,SASKTEL,,PWC LMS 20-19,,,12.0,0,1,1
STRUCTURE_REG16/230877,0101000000A4857AE34C295AC018219700483B4940,BUILD:BUS::11648849,,BUS,IPL,,,REGNSK,,REGNSK04,,2021,,0000,814833,,,,
STRUCTURE_REG16/233886,0101000000A09768C88C295AC010E62FC7C73B4940,BUILD:MDU::12680232,,MDU,IPL,,,REGNSK,,REGNSK04,SASKTEL,,,,,,,,
STRUCTURE_REG16/233957,01010000001C7E316DD5285AC0A07B47AE173B4940,BUILD:BUS:C195134,,BUS,IPL,,,REGNSK,,REGNSK01,SASKTEL,,,,,,,,
STRUCTURE_REG16/238934,01010000003C6023EB1E295AC0503260A0D6394940,BUILD:BUS:C223407,,BUS,IPL,,,REGNSK,,REGNSK01,SASKTEL,,,,,,,,
STRUCTURE_REG16/241192,0101000000E8F60E8E24295AC0F0826331523A4940,BUILD:BUS:C199353,,BUS,IPL,,,REGNSK,,REGNSK01,SASKTEL,,,,,,,,
STRUCTURE_REG16/241525,01010000001083512DC8295AC0D8352589803B4940,BUILD:MDU::10749994,,MDU,PDA,REGN101278-0010,,REGNSK,,REGNSK04,SASKTEL,2019,,0010,101278,,,,
STRUCTURE_REG16/243835,0101000000AC4F5A34742B5AC070770C85CB3B4940,BUILD:BUS:C210406,,BUS,PDR,REGN106535-0010,,REGNSK,,REGNSK04,SASKTEL,,,,,,,,
STRUCTURE_REG16/243836,0101000000307E77B1842B5AC028E2CC00AE3B4940,BUILD:MDU::11500400,,MDU,PDA,REGN106535-0010,,REGNSK,,REGNSK04,SASKTEL,2021,,0010,106535,,,,
STRUCTURE_REG16/252002,0101000000408EAB665D295AC020E1FF24843B4940,BUILD:MDU::12668371,,MDU,IPL,,,REGNSK,,REGNSK04,SASKTEL,,,,,,,,
STRUCTURE_REG16/252981,0101000000F874504AE7285AC0B09D4F87CF394940,BUILD:BUS:C221083,,BUS,IPL,,,REGNSK,REGNSK1L873,REGNSK01,SASKTEL,,,,,12.0,0,1,1
STRUCTURE_REG16/253352,0101000000B0874EB386295AC04080CA6DC53B4940,BUILD:MDU::12680224,,MDU,IPL,,,REGNSK,,REGNSK04,SASKTEL,,,,,,,,
STRUCTURE_REG16/253649,0101000000BC29657F04295AC080AA8389ED394940,BUILD:BUS:C223425,,BUS,IPL,,,REGNSK,REGNSKJ6239,REGNSK01,SASKTEL,,,,,10.0,0,1,1
STRUCTURE_REG16/254064,0101000000D8B6BF18492A5AC040FE122B823A4940,BUILD:MDU::8073119,,MDU,IPL,,,REGNSK,,REGNSK04,SASKTEL,2014,,0010,974523,,,,
STRUCTURE_REG16/255060,01010000007CA8D1374B295AC0089C9438613B4940,BUILD:BUS::10713836,,BUS,IPL,,,REGNSK,,REGNSK04,SASKTEL,2019,,0000,807819,,,,
STRUCTURE_REG16/260867,0101000000004C65C6852A5AC0585EA366413C4940,BUILD:MDU::13068715,,MDU,IPL,REGN114291,,REGNSK,REGNSK1L935,REGNSK04,SASKTEL,2023,,0010,114291,,,,
STRUCTURE_REG16/262401,010100000064C92BF668295AC04867A927B93B4940,BUILD:MDU::13089828,,MDU,IPL,REGN114606,,REGNSK,,REGNSK04,SASKTEL,2023,,0010,114606,,,,
STRUCTURE_REG16/262486,01010000000050250048295AC030CDEEE2203A4940,BUILD:BUS:C217816,,BUS,IPL,,,REGNSK,REGNSKJ6249,REGNSK01,SASKTEL,,,,,10.0,0,1,1
STRUCTURE_REG16/263505,0101000000BCB7546BE2295AC0603FA81E783B4940,BUILD:BUS:C229645,,BUS,IPL,,,REGNSK,,REGNSK04,SASKTEL,,,,,,,,
STRUCTURE_REG16/265300,0101000000EC234C8BF9285AC0307FF98F053B4940,BUILD:BUS:C201758,,BUS,IPL,,,REGNSK,,REGNSK01,SASKTEL,,,,,,,,
STRUCTURE_REG16/271572,01010000002862733686295AC018897673833A4940,BUILD:BUS:C222215,,BUS,IPL,,,REGNSK,,REGNSK04,SASKTEL,,,,,,,,
STRUCTURE_REG16/271628,0101000000407F36ACA82A5AC060C6FD7CD8394940,BUILD:BUS:C221152,,BUS,IPL,,,REGNSK,REGNSK8P134,REGNSK01,SASKTEL,,NOT IN MARTENS,,,12.0,0,1,1
STRUCTURE_REG16/271760,0101000000486BFF0F5F2A5AC04048F78F9F3A4940,BUILD:BUS:C224793,,BUS,IPL,,,REGNSK,REGNSK1L124,REGNSK04,SASKTEL,,,,,12.0,0,1,1
STRUCTURE_REG16/273584,0101000000D0D4E85ED2285AC0B0BF6B8BC3394940,BUILD:BUS:C220559,,BUS,IPL,,,REGNSK,,REGNSK01,SASKTEL,,,,,,,,
STRUCTURE_REG16/273895,0101000000946E0BC93B295AC0F00B2D5A1C3A4940,BUILD:MDU::10563494,,MDU,IPL,,,REGNSK,,REGNSK01,SASKTEL,,,,,,,,
STRUCTURE_REG16/278609,010100000038757A18592A5AC0A8F62D03A63A4940,BUILD:BUS:C214616,,BUS,IPL,,,REGNSK,,REGNSK04,SASKTEL,,NO AP IN MARTENS,,,,,,
STRUCTURE_REG16/278731,0101000000089305F327295AC0A0E2CFC2AE3A4940,BUILD:BUS:C201299,,BUS,IPL,,,REGNSK,,REGNSK01,SASKTEL,,no ap in martens,,,,,,
STRUCTURE_REG16/278754,0101000000C8B9F147812A5AC0C8D3D564E0394940,BUILD:BUS:C218472,,BUS,IPL,,,REGNSK,,REGNSK01,SASKTEL,,NOT IN MARTENS,,,,,,
STRUCTURE_REG16/278755,0101000000F474B5E2C92A5AC0C8D2DD9BBD394940,BUILD:BUS:C220692,,BUS,IPL,,,REGNSK,,REGNSK01,SASKTEL,,NOT IN MARTENS,,,,,,
STRUCTURE_REG16/281625,0101000000E8F78A8F0B295AC068B1308B633A4940,BUILD:BUS:C199422,,BUS,IPL,,,REGNSK,,REGNSK01,SASKTEL,,,,,,,,
STRUCTURE_REG16/282493,0101000000D483FD624C2A5AC0B0AD36D1B73A4940,BUILD:BUS::11267402,,BUS,IPL,,,REGNSK,,REGNSK04,SASKTEL,2020,,0010,101876,,,,
STRUCTURE_REG16/283432,01010000009C3E3771C8295AC06803BAE0E03A4940,BUILD:BUS:C220900,,BUS,IPL,,,REGNSK,,REGNSK04,SASKTEL,,,,,,,,
STRUCTURE_REG16/283433,01010000006C690233E9295AC0B8B57629953B4940,BUILD:BUS:C227813,,BUS,IPL,,,REGNSK,,REGNSK04,SASKTEL,,,,,,,,
STRUCTURE_REG16/283607,0101000000149941FB7F2B5AC0D09EBE17BF3B4940,BUILD:MDU::11500409,,MDU,PDA,REGN106535-0010,,REGNSK,,REGNSK04,SASKTEL,2021,,0010,106535,,,,
STRUCTURE_REG16/286923,0101000000D4EECD581C2B5AC04894743C823B4940,BUILD:BUS:C203588,,BUS,IPL,,,REGNSK,,REGNSK04,SASKTEL,,,,,,,,
STRUCTURE_REG16/290158,0101000000FC6B16BB3F295AC040664CA04C3B4940,BUILD:BUS::11660682,,BUS,IPL,,,REGNSK,,REGNSK04,,2021,,0000,814833,,,,
STRUCTURE_REG16/292556,01010000002CC6492C6C295AC0109B80ADF2394940,BUILD:BUS:C264435,,BUS,IPL,,,REGNSK,,REGNSK01,SASKTEL,,,,,,,,
STRUCTURE_REG16/293252,010100000000E8B3E0DE2A5AC0B88124214E3A4940,BUILD:BUS::9887576,,BUS,IPL,,,REGNSK,,REGNSK04,SASKTEL,2018,,0000,804234,,,,
STRUCTURE_REG16/293504,0101000000584D3FF751295AC060D2D08D103A4940,BUILD:BUS:C217829,,BUS,IPL,,,REGNSK,,REGNSK01,SASKTEL,,,,,,,,
STRUCTURE_REG16/298607,01010000001C288A6C142B5AC0B891B2B26E3A4940,BUILD:BUS:C223386,,BUS,IPL,,,REGNSK,,REGNSK04,SASKTEL,,,,,,,,
STRUCTURE_REG16/311266,0101000000982ADD32E7295AC030B4DE35C93A4940,BUILD:BUS:C221065,,BUS,IPL,,,REGNSK,,REGNSK04,SASKTEL,,,,,,,,
STRUCTURE_REG16/312855,0101000000A4F7A9048D295AC040DADC5EB33B4940,BUILD:MDU::12675411,,MDU,IPL,,,REGNSK,,REGNSK04,SASKTEL,,,,,,,,
STRUCTURE_REG16/313224,0101000000E824FBEA612A5AC0800806B7C53A4940,BUILD:BUS::8081117,,BUS,IPL,,,REGNSK,,REGNSK04,SASKTEL,2014,,0010,974523,,,,
STRUCTURE_REG16/313267,0101000000BC68DE5DA62B5AC0A8F473AD773A4940,BUILD:BUS:C221775,,BUS,IPL,,,REGNSK,,REGNSK04,SASKTEL,,,,,,,,
STRUCTURE_REG16/313480,0101000000D8F718143C295AC040BB2132113A4940,BUILD:MDU::10563492,,MDU,IPL,,,REGNSK,,REGNSK01,SASKTEL,,,,,,,,
STRUCTURE_REG16/313593,01010000001821A3064A2A5AC0E86E85BA8C3A4940,BUILD:MDU::8073118,,MDU,IPL,,,REGNSK,,REGNSK04,SASKTEL,2014,,0010,974523,,,,
STRUCTURE_REG16/314436,0101000000C8FA951A562A5AC078A3FD4C933A4940,BUILD:BUS:C220233,,BUS,IPL,,,REGNSK,,REGNSK04,SASKTEL,,,,,,,,
STRUCTURE_REG16/314807,01010000008C80FD1C0E295AC0C85A0D6DA63B4940,BUILD:BUS::6843417,,BUS,IPL,,,REGNSK,,REGNSK01,SASKTEL,2015,,0010,970089,,,,
STRUCTURE_REG16/318294,0101000000D805AB33BC2A5AC010D44B54BB3A4940,BUILD:BUS:C210539,,BUS,IPL,,,REGNSK,,REGNSK04,SASKTEL,,,,,,,,
STRUCTURE_REG16/320861,01010000003C3A3B3ACA295AC0E8B9851B613B4940,BUILD:MDU::12295581,,MDU,PDA,REGN110945-0010,,REGNSK,,REGNSK04,SASKTEL,2022,,0010,110945,,,,
STRUCTURE_REG16/321514,0101000000ACC17E2C7D295AC038DBFD13E4394940,BUILD:BUS:C197216,,BUS,IPL,,,REGNSK,,REGNSK01,SASKTEL,,,,,,,,
STRUCTURE_REG16/322976,010100000024DC3FD7FD285AC0F03F1A37FD3A4940,BUILD:BUS:C202029,,BUS,IPL,,,REGNSK,,REGNSK01,SASKTEL,,,,,,,,
STRUCTURE_REG16/323149,0101000000E81B9B94972B5AC00064918EC13B4940,BUILD:MDU::11500404,,MDU,PDA,REGN106535-0010,,REGNSK,,REGNSK04,SASKTEL,2021,,0010,106535,,,,
STRUCTURE_REG16/324451,0101000000D4246D1AE32A5AC0506AA566083C4940,BUILD:BUS:C211420,,BUS,IPL,,,REGNSK,,REGNSK04,SASKTEL,,NO AP IN  MARTENS,,,,,,
STRUCTURE_REG16/324929,01010000009486306A76295AC0D0BED2C9B73B4940,BUILD:BUS:C195862,,BUS,IPL,,,REGNSK,,REGNSK04,SASKTEL,,AP NO IN MARTENS,,,,,,
STRUCTURE_REG16/333257,0101000000300E7CAC03295AC070F78DAA443A4940,BUILD:BUS:C201588,,BUS,IPL,,,REGNSK,,REGNSK01,SASKTEL,,,,,,,,
STRUCTURE_REG16/333616,01010000009C88ED0A572A5AC00018E3F1A43A4940,BUILD:MDU::8280898,,MDU,IPL,,,REGNSK,,REGNSK04,SASKTEL,2014,,0010,974523,,,,
STRUCTURE_REG16/340403,0101000000A4F8E1E856295AC0C00513CB623B4940,BUILD:BUS::13337901,,BUS,PDA,REGN826982,,REGNSK,,REGNSK04,,2025,,0000,826982,,,,
STRUCTURE_REG16/340889,0101000000AC390015E0295AC06086D5AB8A3B4940,BUILD:MDU::12295579,,MDU,PDA,REGN110945-0010,,REGNSK,,REGNSK04,SASKTEL,2022,,0010,110945,,,,
STRUCTURE_REG16/344782,01010000009CB3300413295AC09843EB4B303A4940,BUILD:BUS:C203857,,BUS,IPL,,,REGNSK,,REGNSK01,SASKTEL,,,,,,,,
STRUCTURE_REG16/352517,010100000064F6587E89295AC05821DC6CC53B4940,BUILD:MDU::12677326,,MDU,IPL,,,REGNSK,,REGNSK04,SASKTEL,,,,,,,,
STRUCTURE_REG16/353102,01010000008C09DB963B295AC0C0490E03163A4940,BUILD:MDU::10563493,,MDU,IPL,,,REGNSK,,REGNSK01,SASKTEL,,,,,,,,
STRUCTURE_REG16/353104,0101000000F4F457164C295AC080CAF1AA913B4940,BUILD:MDU::6701296,,MDU,IPL,,,REGNSK,,REGNSK04,SASKTEL,2013,,0010,963983,,,,
STRUCTURE_REG16/353163,01010000006816BC76562A5AC0D89C3CFF923A4940,BUILD:MDU::8280899,,MDU,IPL,,,REGNSK,,REGNSK04,SASKTEL,2014,,0010,974523,,,,
STRUCTURE_REG16/353191,010100000034FB2E65D3295AC038E4C94FD93A4940,BUILD:MDU::10749998,,MDU,IPL,,,REGNSK,,REGNSK04,SASKTEL,2020,,0010,101279,,,,
STRUCTURE_REG16/357803,010100000024609989922A5AC078B1C4CBDF394940,BUILD:BUS:C218441,,BUS,IPL,,,REGNSK,,REGNSK01,SASKTEL,,NOT IN MARTENS,,,,,,
STRUCTURE_REG16/360181,0101000000A48CA61D182B5AC05035D4A42B3B4940,BUILD:BUS:C198235,,BUS,IPL,,,REGNSK,,REGNSK04,SASKTEL,,,,,,,,
STRUCTURE_REG16/366050,010100000070D16571EC2A5AC06815FD0EF63B4940,BUILD:BUS:C211465,,BUS,IPL,,,REGNSK,,REGNSK04,SASKTEL,,NO AP IN MARTENS,,,,,,
STRUCTURE_REG16/367775,010100000034721086F7285AC0486D621B4D3A4940,BUILD:BUS:C201537,,BUS,IPL,,,REGNSK,REGNSK1L363,REGNSK01,SASKTEL,,,,,,,,
STRUCTURE_REG16/372412,0101000000D873D8FE47295AC0500219A9133A4940,BUILD:BUS:C217821,,BUS,IPL,,,REGNSK,,REGNSK01,SASKTEL,,,,,,,,
STRUCTURE_REG16/372868,010100000094BB099D3B295AC0F0DCC6FC223A4940,BUILD:MDU::10662663,,MDU,IPL,,,REGNSK,,REGNSK01,SASKTEL,,,,,,,,
STRUCTURE_REG16/380158,0101000000E8DFBBEEE9295AC0E0BF6EB5673B4940,BUILD:MDU::12295578,,MDU,PDA,REGN110945-0010,,REGNSK,,REGNSK04,SASKTEL,2022,,0010,110945,,,,
STRUCTURE_REG16/380179,0101000000F4E7FDDA95295AC0B04276BD383B4940,BUILD:MDU::10748090,,MDU,PDA,REGN101301-0010,,REGNSK,,REGNSK04,SASKTEL,2019,,0010,101301,,,,
STRUCTURE_REG16/380636,01010000008840C41FA82A5AC0982A9C3A153A4940,BUILD:BUS:C220728,,BUS,IPL,,,REGNSK,,REGNSK04,SASKTEL,2006,NOT INH MARTENS,0010,936517,,,,
STRUCTURE_REG16/382277,0101000000F4947394C9295AC0405575916D3B4940,BUILD:BUS:C229662,,BUS,IPL,,,REGNSK,,REGNSK04,SASKTEL,,,,,,,,
STRUCTURE_REG16/382446,0101000000541BBCDF832B5AC0C0646E21BC3B4940,BUILD:MDU::11500408,,MDU,PDA,REGN106535-0010,,REGNSK,,REGNSK04,SASKTEL,2021,,0010,106535,,,,
STRUCTURE_REG16/385712,0101000000FCEF5AD2092B5AC090EB8CADAF3B4940,BUILD:BUS:C203753,,BUS,IPL,,,REGNSK,,REGNSK04,SASKTEL,,,,,,,,
STRUCTURE_REG16/390013,0101000000D8074EEDD4295AC090E35057E8394940,BUILD:BUS:C252777,,BUS,IPL,,,REGNSK,,REGNSK01,SASKTEL,,,,,,,,
STRUCTURE_REG16/390392,01010000000C13F1FC00295AC030A378324B3A4940,BUILD:BUS:C201561,,BUS,IPL,,,REGNSK,,REGNSK01,SASKTEL,,,,,,,,
STRUCTURE_REG16/392561,0101000000101CC7AAC9295AC020CE9E66E93A4940,BUILD:MDU::10752522,,MDU,IPL,,,REGNSK,,REGNSK04,SASKTEL,2020,,0010,101355,,,,
STRUCTURE_REG16/392699,0101000000A0B8F731E5295AC0401508ECBE3A4940,BUILD:MDU::10540823,,MDU,IPL,,,REGNSK,,REGNSK04,SASKTEL,,,,,,,,
STRUCTURE_REG16/399400,010100000020733F89EA285AC03821B1A09A3A4940,BUILD:MDU::13261688,,MDU,IPL,REGN116840,,REGNSK,,REGNSK01,SASKTEL,2024,,0010,116840,,,,
STRUCTURE_REG16/400002,0101000000086B195FCA295AC058CFA0A6783B4940,BUILD:MDU::12295580,,MDU,PDA,REGN110945-0010,,REGNSK,,REGNSK04,SASKTEL,2022,,0010,110945,,,,
STRUCTURE_REG16/400447,010100000080F1F4C6E0295AC000804F58943B4940,BUILD:MDU::13245342,,MDU,IPL,REGN116724,,REGNSK,,REGNSK04,SASKTEL,2024,,0010,116724,,,,
STRUCTURE_REG16/401073,01010000005C872DE759295AC03070A751A13B4940,BUILD:MDU::13089832,,MDU,IPL,REGN114606,,REGNSK,,REGNSK04,SASKTEL,2023,,0010,114606,,,,
STRUCTURE_REG16/402386,0101000000888D8B008D2B5AC0D069929CAF3B4940,BUILD:MDU::11500401,,MDU,PDA,REGN106535-0010,,REGNSK,,REGNSK04,SASKTEL,2021,,0010,106535,,,,
STRUCTURE_REG16/403553,0101000000BC1CCEE075295AC0E0AFEC96253A4940,BUILD:BUS:C197607,,BUS,IPL,,,REGNSK,,REGNSK01,SASKTEL,,,,,,,,
STRUCTURE_REG16/409187,0101000000887C76446E2A5AC018C867AACE3A4940,BUILD:BUS::8081114,,BUS,IPL,,,REGNSK,,REGNSK04,SASKTEL,2014,,0010,974523,,,,
STRUCTURE_REG16/412234,010100000048F07EC3612A5AC0601A9728BD3A4940,BUILD:BUS::8081118,,BUS,IPL,,,REGNSK,,REGNSK04,SASKTEL,2014,,0010,974523,,,,
STRUCTURE_REG16/412427,010100000070F2B0BDE72A5AC0D01D4874153A4940,BUILD:SEB:C276324,,SEB,IPL,,,REGNSK,REGNSKU0100,REGNSK01,SASKTEL,,,,,3.7,0,1,1
STRUCTURE_REG16/417161,0101000000506CCDA28C2A5AC0E84004F9F2394940,BUILD:BUS:C218476,,BUS,IPL,,,REGNSK,,REGNSK01,SASKTEL,,NOT IN MARTENS,,,,,,
STRUCTURE_REG16/417382,0101000000045B73E78C295AC0B8664EABA93B4940,BUILD:BUS:C233070,,BUS,IPL,,,REGNSK,,REGNSK04,SASKTEL,,NO AP IN MARTENS,,,,,,
STRUCTURE_REG16/419000,01010000002C573F36892C5AC0B0C91861C23B4940,BUILD:BUS:C207318,,BUS,IPL,,,REGNSK,,REGNSK04,SASKTEL,,NO AP IN MARTENS,,,,,,
STRUCTURE_REG16/419859,0101000000903AD8CDD2295AC098532B4E603B4940,BUILD:MDU::10747786,,MDU,PDA,REGN101264-0010,,REGNSK,,REGNSK04,SASKTEL,2019,,0010,101264,,,,
STRUCTURE_REG16/419944,010100000028168FF0552C5AC0E84C0944EC394940,BUILD:MDU::12656526,,MDU,IPL,,,REGNSK,,REGNSK01,,2023,,0000,820130,,,,
STRUCTURE_REG16/420798,0101000000E487CFA571295AC00082EE0FB73B4940,BUILD:MDU::13089826,,MDU,IPL,REGN114606,,REGNSK,,REGNSK04,SASKTEL,2023,,0010,114606,,,,
STRUCTURE_REG16/422100,0101000000388FB37E8D2B5AC080E7CB03BF3B4940,BUILD:MDU::11500406,,MDU,PDA,REGN106535-0010,,REGNSK,,REGNSK04,SASKTEL,2021,,0010,106535,,,,
STRUCTURE_REG16/431672,01010000004C81047981295AC0489F29BDB43B4940,BUILD:MDU::12680538,,MDU,IPL,,,REGNSK,,REGNSK04,SASKTEL,,,,,,,,
STRUCTURE_REG16/433497,0101000000147D8C59F9285AC0C89EB613D33A4940,BUILD:BUS::11282123,,BUS,IPL,,,REGNSK,,REGNSK01,SASKTEL,2021,,0000,812321,,,,
STRUCTURE_REG16/439088,010100000010552F27B72B5AC06016AC6E3E3B4940,BUILD:BUS::12593162,,BUS,PDA,REGNSK112103-0010,,REGNSK,,REGNSK04,SASKTEL,2023,,0010,112103,,,,
STRUCTURE_REG16/439210,01010000007C2AED5B0D2B5AC0D016A52BA83B4940,BUILD:BUS:C203776,,BUS,IPL,,,REGNSK,,REGNSK04,SASKTEL,,,,,,,,
STRUCTURE_REG16/440387,01010000002013C3EA5C295AC0F812A86D9F3B4940,BUILD:MDU::12667765,,MDU,IPL,,,REGNSK,,REGNSK04,SASKTEL,,,,,,,,
STRUCTURE_REG16/440588,0101000000B8D76019AF295AC0982332E64D3A4940,BUILD:BUS:C222628,,BUS,IPL,,,REGNSK,,REGNSK04,SASKTEL,,NO AP IN MARTENS,,,,,,
STRUCTURE_REG16/441880,0101000000F87327918A2B5AC0B0F5913DBD3B4940,BUILD:MDU::11500407,,MDU,PDA,REGN106535-0010,,REGNSK,,REGNSK04,SASKTEL,2021,,0010,106535,,,,
STRUCTURE_REG16/442018,01010000006C24B7C3B2295AC068A7BF61993A4940,BUILD:MDU::13093690,,MDU,IPL,REGN114701,,REGNSK,REGNSK1L946,REGNSK04,SASKTEL,2023,,0010,114701,,,,
STRUCTURE_REG16/445239,01010000009CAC972D792A5AC020E5444E2E3C4940,BUILD:BUS:C210384,,BUS,IPL,,,REGNSK,,REGNSK04,SASKTEL,,,,,,,,
STRUCTURE_REG16/445258,0101000000C0D3039D8B2B5AC010D10F8DA83A4940,BUILD:BUS:C218632,,BUS,IPL,,,REGNSK,REGNSK1L097,REGNSK04,SASKTEL,,,,,12.0,0,1,1
STRUCTURE_REG16/445309,01010000001CF63B47562A5AC0D09DA1D1803A4940,BUILD:BUS:C220212,,BUS,IPL,,,REGNSK,,REGNSK04,SASKTEL,,,,,,,,
STRUCTURE_REG16/448816,0101000000C82FD47881295AC078211CD4BA3B4940,BUILD:MDU::12677016,,MDU,IPL,,,REGNSK,,REGNSK04,SASKTEL,,,,,,,,
STRUCTURE_REG16/449823,01010000005065B80417295AC04824BB53333A4940,BUILD:BUS::10173642,,BUS,IPL,,,REGNSK,,REGNSK01,SASKTEL,2018,,0000,805680,,,,
STRUCTURE_REG16/452187,0101000000208419E3FB285AC010560B75E33A4940,BUILD:MDU::11064522,,MDU,IPL,,,REGNSK,,REGNSK01,SASKTEL,2020,,0000,810551,,,,
STRUCTURE_REG16/452360,0101000000284D0DDE3E295AC0D090A708973B4940,BUILD:MDU::6703197,,MDU,IPL,,,REGNSK,,REGNSK04,SASKTEL,2012,,0010,963983,,,,
STRUCTURE_REG16/453236,010100000008B78E07612A5AC058A1491BB43A4940,BUILD:BUS::8081119,,BUS,IPL,,,REGNSK,,REGNSK04,SASKTEL,2014,,0010,974523,,,,
STRUCTURE_REG16/456825,0101000000D065EF94872A5AC07029F0B3E9394940,BUILD:BUS:C218485,,BUS,IPL,,,REGNSK,,REGNSK01,SASKTEL,,NOT IN MARTENS,,,,,,
STRUCTURE_REG16/456827,01010000004490F1F87B2A5AC03070C9A9D1394940,BUILD:BUS:C220962,,BUS,IPL,,,REGNSK,,REGNSK01,SASKTEL,,NOT IN MARTENS,,,,,,
STRUCTURE_REG16/459108,0101000000C03F303D5D295AC0E0D4491B663C4940,BUILD:BUS::12591562,,BUS,PDA,REGNSK112103-0010,,REGNSK,,REGNSK04,SASKTEL,2023,,0010,112103,,,,
STRUCTURE_REG16/461379,0101000000688A595FBF2A5AC0306CA8461F3A4940,BUILD:BUS::12970764,,BUS,IPL,,,REGNSK,REGNSK1L888,REGNSK01,,2023,,0000,822096,,,,
STRUCTURE_REG16/461796,0101000000E81E13083F295AC0E8A0D898C43A4940,BUILD:BUS:C220864,,BUS,IPL,,,REGNSK,,REGNSK04,SASKTEL,,,,,,,,
STRUCTURE_REG16/462010,010100000020525968752B5AC0C06AC5A1B83B4940,BUILD:MDU::11500397,,MDU,PDA,REGN106535-0010,,REGNSK,,REGNSK04,SASKTEL,2021,,0010,106535,,,,
STRUCTURE_REG16/463565,0101000000C089FEBC88295AC058608EACA93B4940,BUILD:BUS:C233079,,BUS,IPL,,,REGNSK,,REGNSK04,SASKTEL,,,,,,,,
STRUCTURE_REG16/463566,0101000000F8A26D977E295AC0F0D2337BA83B4940,BUILD:BUS:C233094,,BUS,IPL,,,REGNSK,,REGNSK04,SASKTEL,,,,,,,,
STRUCTURE_REG16/468584,0101000000481AD1AD1F2B5AC0C0928F70293B4940,BUILD:SEB:C321084,,SEB,IPL,,,REGNSK,REGOSKCX,REGNSK04,SASKTEL,,,,,12.0,0,1,1
STRUCTURE_REG16/470042,01010000003CACA7BE82295AC00060209BB33B4940,BUILD:MDU::12667743,,MDU,IPL,,,REGNSK,,REGNSK04,SASKTEL,,,,,,,,
STRUCTURE_REG16/470043,0101000000B49CC07E8C295AC038D62094C33B4940,BUILD:MDU::12667746,,MDU,IPL,,,REGNSK,,REGNSK04,SASKTEL,,,,,,,,
STRUCTURE_REG16/470879,010100000040C477A98B295AC000DC0C74033A4940,BUILD:BUS:C197502,,BUS,IPL,,,REGNSK,,REGNSK01,SASKTEL,,,,,,,,
STRUCTURE_REG16/472056,0101000000505F5712E7295AC020C23081D73A4940,BUILD:MDU::10553808,,MDU,IPL,,,REGNSK,,REGNSK04,SASKTEL,,,,,,,,
STRUCTURE_REG16/479156,0101000000700F0E98D5295AC030AB01CEBB3A4940,BUILD:BUS:C226437,,BUS,IPL,,,REGNSK,,REGNSK04,SASKTEL,,NO AP IN MARTENS,,,,,,
STRUCTURE_REG16/480400,010100000074D88EF368295AC0B8B8E373C53B4940,BUILD:MDU::13089823,,MDU,IPL,REGN114606,,REGNSK,,REGNSK04,SASKTEL,2023,,0010,114606,,,,
STRUCTURE_REG16/480595,0101000000F8E4B9A27A295AC050489140393B4940,BUILD:MDU::10749020,,MDU,IPL,,LACC_AAERIAL_F,REGNSK,,REGNSK04,,2020,,0010,101300,,,,
STRUCTURE_REG16/481201,010100000078B2446240295AC070829216EF394940,BUILD:BUS:C217799,,BUS,IPL,,,REGNSK,,REGNSK01,SASKTEL,,,,,,,,
STRUCTURE_REG16/481518,010100000094453697E8295AC088086FE4813B4940,BUILD:BUS:C229639,,BUS,IPL,,,REGNSK,,REGNSK04,SASKTEL,,,,,,,,
STRUCTURE_REG16/483325,01010000007836666A76295AC0488B3F66B43B4940,BUILD:BUS:C195874,,BUS,IPL,,,REGNSK,,REGNSK04,SASKTEL,,,,,,,,
STRUCTURE_REG16/483381,010100000058403DBD7F295AC05000851AC83B4940,BUILD:BUS:C232945,,BUS,IPL,,,REGNSK,,REGNSK04,SASKTEL,,,,,,,,
STRUCTURE_REG16/487591,0101000000345FAE10992A5AC058C4BEA4BE394940,BUILD:BUS:C220394,,BUS,IPL,,,REGNSK,,REGNSK01,SASKTEL,,NOT IN MARTENS,,,,,,
STRUCTURE_REG16/489835,0101000000B0F4C41A5E295AC0F01B99934C3B4940,BUILD:BUS::11716362,,BUS,IPL,,,REGNSK,,REGNSK04,,2021,,0000,815142,,,,
STRUCTURE_REG16/498870,0101000000A09D174A0D2B5AC0C0FFC874A83B4940,BUILD:BUS::13207466,,BUS,IPL,,,REGNSK,,REGNSK04,SASKTEL,2024,,0000,824688,,,,
STRUCTURE_REG16/499496,0101000000083249FFE7295AC00886B2DE523B4940,BUILD:MDU::13244716,,MDU,IPL,REGN116724,,REGNSK,,REGNSK04,SASKTEL,2024,,0010,116724,,,,
STRUCTURE_REG16/500312,0101000000749361DA8C295AC0F8BFFFD0383B4940,BUILD:MDU::10749022,,MDU,IPL,,LACC_AAERIAL_F,REGNSK,,REGNSK04,,2020,,0010,101300,,,,
STRUCTURE_REG16/504850,0101000000B450DC389C2B5AC080CBCCD43D3B4940,BUILD:BUS:C238411,,BUS,IPL,,,REGNSK,,REGNSK04,SASKTEL,,,,,,,,
STRUCTURE_REG16/511119,010100000060510EEF84295AC07832020EC73B4940,BUILD:MDU::12676689,,MDU,IPL,,,REGNSK,,REGNSK04,SASKTEL,,,,,,,,
STRUCTURE_REG16/511126,010100000064CFFD865D295AC05097DECEA33B4940,BUILD:MDU::12674124,,MDU,IPL,,,REGNSK,,REGNSK04,SASKTEL,,,,,,,,
STRUCTURE_REG16/511173,0101000000BC0670BF8B295AC028DB98C2B63B4940,BUILD:MDU::12680568,,MDU,IPL,,,REGNSK,,REGNSK04,SASKTEL,,,,,,,,
STRUCTURE_REG16/511550,0101000000C03770AED1285AC0788A29B94C3A4940,BUILD:BUS::6754074,,BUS,IPL,,,REGNSK,REGNSKJ6179,REGNSK01,SASKTEL,2013,,0010,968666,12.0,0,1,1
STRUCTURE_REG16/511743,010100000090E8B65B4A2A5AC0984BEA3E9F3A4940,BUILD:MDU::8073116,,MDU,IPL,,,REGNSK,,REGNSK04,SASKTEL,2014,,0010,974523,,,,
STRUCTURE_REG16/511871,01010000006C86F528D7295AC050350C4FCA3A4940,BUILD:MDU::10542603,,MDU,IPL,,,REGNSK,,REGNSK04,SASKTEL,,,,,,,,
STRUCTURE_REG16/512797,0101000000AC4C5A19562A5AC0F881467E773A4940,BUILD:BUS::8079515,,BUS,IPL,,,REGNSK,,REGNSK04,SASKTEL,2014,,0010,974523,,,,
STRUCTURE_REG16/520044,0101000000746FCB9B71295AC038F6298AC13B4940,BUILD:MDU::13089824,,MDU,IPL,REGN114606,,REGNSK,,REGNSK04,SASKTEL,2023,,0010,114606,,,,
STRUCTURE_REG16/520251,01010000006CFEB0BC83295AC098C0D3EF383B4940,BUILD:MDU::10749021,,MDU,IPL,,LACC_AAERIAL_F,REGNSK,,REGNSK04,,2020,,0010,101300,,,,
STRUCTURE_REG16/524616,010100000010BEC9FF1C2B5AC0A05775560B3B4940,BUILD:BUS:C198201,,BUS,IPL,,,REGNSK,,REGNSK04,SASKTEL,,,,,,,,
STRUCTURE_REG16/524617,0101000000AC26A358FB2A5AC0F0C57213013C4940,BUILD:BUS:C211426,,BUS,IPL,,,REGNSK,,REGNSK04,SASKTEL,,NO AP IN MARTENS,,,,,,
STRUCTURE_REG16/531401,0101000000D82F058FE2295AC0D822D187CB3A4940,BUILD:MDU::10553806,,MDU,IPL,,,REGNSK,,REGNSK04,SASKTEL,,,,,,,,
STRUCTURE_REG16/531558,01010000002CD2D0AE3E295AC018E576F58B3B4940,BUILD:MDU::6703200,,MDU,IPL,,,REGNSK,,REGNSK04,SASKTEL,2013,,0010,963983,,,,
STRUCTURE_REG16/536162,0101000000B07D5E778E2A5AC02885C11BE3394940,BUILD:BUS:C218463,,BUS,IPL,,,REGNSK,,REGNSK01,SASKTEL,,NOT IN MARTENS,,,,,,
STRUCTURE_REG16/539232,0101000000E8DC128BE8295AC0B8DC9E2F5C3B4940,BUILD:MDU::13244715,,MDU,IPL,REGN116724,,REGNSK,,REGNSK04,SASKTEL,2024,,0010,116724,,,,
STRUCTURE_REG16/539816,010100000070DB08D5B7295AC0F8C26DD24C3B4940,BUILD:BUS:C232808,,BUS,IPL,,,REGNSK,REGNSK1N176,REGNSK04,SASKTEL,,,,,,,,
STRUCTURE_REG16/539860,0101000000C4F669FB68295AC058CD5A14BA3B4940,BUILD:MDU::13089829,,MDU,IPL,REGN114606,,REGNSK,,REGNSK04,SASKTEL,2023,,0010,114606,,,,
STRUCTURE_REG16/541203,010100000054220928982B5AC0E883F182B13B4940,BUILD:MDU::11500402,,MDU,PDA,REGN106535-0010,,REGNSK,,REGNSK04,SASKTEL,2021,,0010,106535,,,,
STRUCTURE_REG16/541330,0101000000E8B469CA80295AC0C0E58452393B4940,BUILD:MDU::13093692,,MDU,IPL,REGN114701,,REGNSK,,REGNSK04,SASKTEL,2023,,0010,114701,,,,
STRUCTURE_REG16/542072,0101000000500859201E295AC070DA8060323A4940,BUILD:BUS:C203847,,BUS,IPL,,,REGNSK,,REGNSK01,SASKTEL,,,,,,,,
STRUCTURE_REG16/542362,0101000000708565D6CC295AC0F0B74EDA163B4940,BUILD:BUS:C232377,,BUS,IPL,,,REGNSK,REGNSK1L110,REGNSK04,SASKTEL,,,,,12.0,0,1,1
STRUCTURE_REG16/542835,01010000004C406E1AF6285AC0A8C7878A053B4940,BUILD:BUS:C201800,,BUS,IPL,,,REGNSK,,REGNSK01,SASKTEL,,,,,,,,
STRUCTURE_REG16/544563,0101000000C092BF3CE32A5AC0300D8B0A023C4940,BUILD:BUS:C211418,,BUS,IPL,,,REGNSK,,REGNSK04,SASKTEL,,NO AP IN MARTENS,,,,,,
STRUCTURE_REG16/545625,0101000000E4C755E8C0295AC09835EDD9283A4940,BUILD:BUS::12695242,,BUS,IPL,,,REGNSK,REGNSK1L867,REGNSK01,,2023,,,,,,,
STRUCTURE_REG16/551447,01010000001893AC6047295AC0005195FB8C3B4940,BUILD:MDU::6703195,,MDU,IPL,,,REGNSK,,REGNSK04,SASKTEL,2013,,0010,963983,,,,
STRUCTURE_REG16/551456,01010000000437911A4C295AC0B00AEAB49E3B4940,BUILD:MDU::6701292,,MDU,IPL,,,REGNSK,,REGNSK04,SASKTEL,2013,,0010,963983,,,,
STRUCTURE_REG16/551466,01010000006C0EDC23E9295AC07081E06B743B4940,BUILD:MDU::10575306,,MDU,IPL,,,REGNSK,,REGNSK04,SASKTEL,,,,,,,,
STRUCTURE_REG16/556222,01010000006C2B040C872A5AC060F59313E8394940,BUILD:BUS:C218468,,BUS,IPL,,,REGNSK,,REGNSK01,SASKTEL,,NOT IHN MARTENS,,,,,,
STRUCTURE_REG16/556223,0101000000A004A785852A5AC040E9C971F1394940,BUILD:BUS:C218487,,BUS,IPL,,,REGNSK,,REGNSK01,SASKTEL,,NOT IN MARTENS,,,,,,
STRUCTURE_REG16/558316,0101000000E47AED2FC12A5AC0F8FD174C1F3A4940,BUILD:SEB:C220918,,SEB,IPL,,,REGNSK,REGNSK1L886,REGNSK01,SASKTEL,,PWC LMS 20-12; Previous demarc CLLI REGNSK1N010,,,3.7,0,1,1
STRUCTURE_REG16/559579,010100000048B84B73EF295AC0486E8162363A4940,BUILD:BUS:C260538,,BUS,IPL,,,REGNSK,,REGNSK04,SASKTEL,,NO AP IN MARTENS,,,,,,
STRUCTURE_REG16/561468,0101000000001EE34D88295AC038774574383B4940,BUILD:MDU::13093693,,MDU,IPL,REGN114701,,REGNSK,REGNSK1L947,REGNSK04,SASKTEL,2023,,0010,114701,,,,
STRUCTURE_REG16/562941,01010000008CD4016476295AC0A0A9561AC93B4940,BUILD:BUS:C195780,,BUS,IPL,,,REGNSK,,REGNSK04,SASKTEL,,,,,,,,
STRUCTURE_REG16/563014,01010000000C4F42F876295AC0F8A7E1E9C23B4940,BUILD:BUS:C196299,,BUS,IPL,,,REGNSK,,REGNSK04,SASKTEL,,,,,,,,
STRUCTURE_REG16/568959,0101000000C09619943B295AC048183E43F4394940,BUILD:BUS:C218211,,BUS,IPL,,,REGNSK,,REGNSK01,SASKTEL,,,,,,,,
STRUCTURE_REG16/571144,0101000000380CF5DAFD285AC010346736353B4940,BUILD:BUS:C198824,,BUS,IPL,,,REGNSK1L693,REGNSK1L693,REGNSK01,SASKTEL,,,,,,,,
STRUCTURE_REG16/571475,010100000040972913E2295AC01839C412EB3A4940,BUILD:MDU::10749995,,MDU,IPL,,,REGNSK,,REGNSK04,SASKTEL,2020,,0010,101279,,,,
STRUCTURE_REG16/571754,010100000030DBD6953D2A5AC0F00CA75A383A4940,BUILD:MDU::9435722,,MDU,IPL,,,REGNSK,,REGNSK04,SASKTEL,2017,,0000,801713,10.0,0,1,1
STRUCTURE_REG16/576191,01010000009C21334F422A5AC0C822BCC6B9394940,BUILD:BUS:C255075,,BUS,IPL,,,REGNSK,,REGNSK01,SASKTEL,,,,,,,,
STRUCTURE_REG16/578859,0101000000807483319A295AC09008604C383B4940,BUILD:MDU::10748091,,MDU,PDA,REGN101301-0010,,REGNSK,,REGNSK04,SASKTEL,2019,,0010,101301,,,,
STRUCTURE_REG16/579819,0101000000700BCFDE68295AC0A8FD784AAF3B4940,BUILD:MDU::13089830,,MDU,IPL,REGN114606,,REGNSK,,REGNSK04,SASKTEL,2023,,0010,114606,,,,
STRUCTURE_REG16/581092,01010000001850D92A8D2B5AC0F01FB53DC53B4940,BUILD:MDU::11500405,,MDU,PDA,REGN106535-0010,,REGNSK,,REGNSK04,SASKTEL,2021,,0010,106535,,,,
STRUCTURE_REG16/581093,01010000008C43C785982B5AC030C14B0BBF3B4940,BUILD:MDU::11500403,,MDU,PDA,REGN106535-0010,,REGNSK,,REGNSK04,SASKTEL,2021,,0010,106535,,,,
STRUCTURE_REG16/581246,01010000002C58BCEED3295AC0600F57B5813B4940,BUILD:MDU::10746139,,MDU,PDA,REGN101263-0010,,REGNSK,,REGNSK04,SASKTEL,2019,,0010,101263,,,,
STRUCTURE_REG16/586342,0101000000A8B0491939295AC0C8F2783E693B4940,BUILD:BUS::12018444,,BUS,IPL,,,REGNSK,,REGNSK04,,2022,,0000,816985,,,,
STRUCTURE_REG16/588834,01010000006825142598295AC0A85A65223C3A4940,BUILD:BUS:C248357,,BUS,IPL,,,REGNSK,,REGNSK01,SASKTEL,,NOT IN MARTENS,,,,,,
STRUCTURE_REG16/591103,010100000084C93D25D3295AC098753100663B4940,BUILD:MDU::7312525,,MDU,IPL,,,REGNSK,,REGNSK04,SASKTEL,2013,,0010,966715,,,,
STRUCTURE_REG16/592434,01010000000005C0736D2A5AC030B342DDBC3A4940,BUILD:BUS::8081116,,BUS,IPL,,,REGNSK,,REGNSK04,SASKTEL,2014,,0010,974523,,,,
STRUCTURE_REG16/595732,010100000050A6E5C829295AC0E041A9E6473A4940,BUILD:BUS:C199404,,BUS,IPL,,,REGNSK,,REGNSK01,SASKTEL,,,,,,,,
STRUCTURE_REG16/595856,010100000030FA4D38862A5AC030983976F3394940,BUILD:BUS:C218479,,BUS,IPL,,,REGNSK,,REGNSK01,SASKTEL,,NOT IN MARTENS,,,,,,
STRUCTURE_REG16/595965,01010000000897239EEB2A5AC0D0E6B4EB013C4940,BUILD:BUS:C211410,,BUS,IPL,,,REGNSK,,REGNSK04,SASKTEL,,NO AP IN MARTENS,,,,,,
STRUCTURE_REG16/595999,0101000000146B328FAE2A5AC0A887FCFB583C4940,BUILD:BUS:C209690,,BUS,IPL,,,REGNSK,,REGNSK04,SASKTEL,,,,,,,,
STRUCTURE_REG16/597696,01010000009CD10A970B295AC088B1811E313A4940,BUILD:BUS:C203744,,BUS,IPL,,,REGNSK,,REGNSK01,SASKTEL,,,,,,,,
STRUCTURE_REG16/597726,01010000007C7DA222562A5AC0681322AB9E3A4940,BUILD:BUS:C224729,,BUS,IPL,,,REGNSK,,REGNSK04,SASKTEL,,,,,,,,
STRUCTURE_REG16/598050,01010000003CF92E8440295AC0382A13F8EF3A4940,BUILD:BUS::12723082,,BUS,IPL,,,REGNSK,,REGNSK04,SASKTEL,2023,,0000,820757,,,,
STRUCTURE_REG16/598703,0101000000149EC5C2582C5AC038F52D52EC394940,BUILD:MDU::12656527,,MDU,IPL,,,REGNSK,,REGNSK01,,2023,,0000,820130,,,,
STRUCTURE_REG16/599562,0101000000B4F8819C71295AC02830BAE2C03B4940,BUILD:MDU::13089825,,MDU,IPL,REGN114606,,REGNSK,,REGNSK04,SASKTEL,2023,,0010,114606,,,,
STRUCTURE_REG16/600674,0101000000DC742E39EC285AC058A26E659E3A4940,BUILD:BUS:C201827,,BUS,IPL,,,REGNSK,,REGNSK01,SASKTEL,,,,,,,,
STRUCTURE_REG16/601018,010100000028D0E5D572295AC0D0495FDD383B4940,BUILD:MDU::13093691,,MDU,IPL,REGN114701,,REGNSK,,REGNSK04,SASKTEL,2023,,0010,114701,,,,
STRUCTURE_REG16/602510,01010000001CC3B1CE7B295AC098F59586A83B4940,BUILD:BUS:C237586,,BUS,IPL,,,REGNSK,,REGNSK04,SASKTEL,,,,,,,,
STRUCTURE_REG16/602544,01010000007C63167417295AC0605E674D303A4940,BUILD:BUS:C203862,,BUS,IPL,,,REGNSK,,REGNSK01,SASKTEL,,,,,,,,
STRUCTURE_REG16/611136,0101000000906C69C6462A5AC0B03C7285A63A4940,BUILD:MDU::8073115,,MDU,IPL,,,REGNSK,,REGNSK04,SASKTEL,2014,,0010,974523,,,,
STRUCTURE_REG16/611441,0101000000587CD78EEC295AC0F87885FEBC3A4940,BUILD:MDU::10542284,,MDU,IPL,,,REGNSK,,REGNSK04,SASKTEL,,,,,,,,
STRUCTURE_REG16/618108,010100000064C0811224295AC0E8EE04DF5A3C4940,BUILD:MDU::12593164,,MDU,PDA,REGNSK112103-0010,,REGNSK,,REGNSK04,SASKTEL,2023,,0010,112103,,,,
STRUCTURE_REG16/620454,010100000054CB268B3E295AC08086A5BE023A4940,BUILD:BUS:C218198,,BUS,IPL,,,REGNSK,,REGNSK01,SASKTEL,,,,,,,,
STRUCTURE_REG16/620797,010100000010998E40E9295AC0B82D17B2793B4940,BUILD:BUS:C229641,,BUS,IPL,,,REGNSK,,REGNSK04,SASKTEL,,,,,,,,
STRUCTURE_REG16/621148,0101000000689287D4E0295AC0183E79CA7D3B4940,BUILD:MDU::10746140,,MDU,PDA,REGN101263-0010,,REGNSK,,REGNSK04,SASKTEL,2019,,0010,101263,,,,
STRUCTURE_REG16/621856,0101000000D47CC0FC08295AC038B7EB0D4D3A4940,BUILD:BUS:C199308,,BUS,IPL,,,REGNSK,REGNSK1K034,REGNSK01,SASKTEL,,,,,,,,
STRUCTURE_REG16/622677,010100000034566FC8F7285AC04088308D053B4940,BUILD:BUS:C201763,,BUS,IPL,,,REGNSK,,REGNSK01,SASKTEL,,,,,,,,
STRUCTURE_REG16/623157,010100000068378DFC00295AC0B0E9024A023B4940,BUILD:BUS:C201687,,BUS,IPL,,,REGNSK,,REGNSK01,SASKTEL,,,,,,,,
STRUCTURE_REG16/624353,01010000003433656D142B5AC0D003090B603A4940,BUILD:BUS:C223426,,BUS,IPL,,,REGNSK,,REGNSK04,SASKTEL,,,,,,,,
STRUCTURE_REG16/628542,010100000074EA2722D7295AC008DB56EDF9394940,BUILD:BUS:C201433,,BUS,IPL,,,REGNSK,,REGNSK01,SASKTEL,,,,,,,,
STRUCTURE_REG16/631349,0101000000101935E33D295AC0D02229F68B3B4940,BUILD:MDU::6703201,,MDU,IPL,,,REGNSK,,REGNSK04,SASKTEL,2013,,0010,963983,,,,
STRUCTURE_REG16/632535,0101000000AC45F9EC1A295AC0300AFB43213A4940,BUILD:BUS::8380062,,BUS,IPL,,,REGNSK,REGNSK1L277,REGNSK01,SASKTEL,2015,,0010,979919,,,,
