id,location,name,specification,type_name,location_code,inventory_status_code,work_order_name,work_order_item_number,account_code,clli_code,st_clli_cd,st_co_id,st_ownr_co_nm,st_vntge_yr,st_rmks,st_sap_stk_id,st_trmnl_id,st_sap_actvy_cd,st_sap_ntwk_id,st_envmt_cd,st_base_type,st_base_lid_type,st_sap_stk_id_lid,st_mtl_cst_base,st_mtl_cst_lid,st_sap_stk_id_base
STRUCTURE_REG16/39511,010100000098904D27B6295AC0185C82DF483B4940,CAB:JWI:C232755,,JWI,LOC_C6233503,IPL,,0,LACC_ATRENCH_C,REGNSK,REGNSKJ0038,REGNSK04,SASKTEL,,"PWC LMS 20-08,PWC LMS 24-01",100652,I 0211,,,BU,,,,,,
STRUCTURE_REG16/39867,0101000000B8408E55C6295AC0D0106FB9543A4940,CAB:JWI:C214178,,JWI,LOC_C6215162,IPL,,0,LACC_ATRENCH_C,REGNSK,,REGNSK04,SASKTEL,,PWC LMS 18-02,100652,I 0215,,,BU,,,,,,
STRUCTURE_REG16/39870,0101000000BC151E6EC6295AC070BA15F7DC3A4940,CAB:JWI:C215398,,JWI,LOC_C6216371,IPL,,0,LACC_ATRENCH_C,REGNSK,,REGNSK04,SASKTEL,,PWC LMS 20-09,100652,I 0213,,,BU,,,,,,
STRUCTURE_REG16/46137,01010000002033EC37C0295AC0E815C9709F3A4940,CAB:JWI:C215350,,JWI,LOC_C6216326,IPL,,0,LACC_ATRENCH_C,REGNSK,,REGNSK04,SASKTEL,,PWC LMS 20-10,100652,I 0214,,,BU,,,,,,
STRUCTURE_REG16/46162,01010000005C2D6A3CC0295AC0807CDE019C3A4940,CAB:FC:C293040,,FC,LOC_DC6292952,IPL,,0,LACC_TADSL_EQ,REGNSK,REGNSKJ6054,REGNSK04,SASKTEL,2012,,-,UNK,0010,961362,BU,,,,,,
STRUCTURE_REG16/49719,010100000000F46D54762B5AC06865A245CC3B4940,CAB:JWI:C202580,,JWI,LOC_C6203762,IPL,,0,LACC_ATRENCH_C,REGNSK,,REGNSK04,SASKTEL,,PWC LMS 22-16,100652,UNK,,,BU,,,,,,
STRUCTURE_REG16/58991,01010000006C2C4ED34C2B5AC0B826FB593F3A4940,CAB:EC::6735551,,EC,LOC_6668680,IPL,,0,LACC_TADSL_EQ,REGNSK,REGOSKNL,REGNSK01,SASKTEL,2013,,120842,UNK,0010,968728,BU,,,,,,
STRUCTURE_REG16/59174,0101000000889CF5918A2B5AC0589C39AA6E3A4940,CAB:JWI:C218724,,JWI,LOC_C6219678,IPL,,0,LACC_ATRENCH_C,REGNSK,,REGNSK04,SASKTEL,,"PWC LMS 18-04,PWC LMS 24-19",100652,I 0217,,,BU,,,,,,
STRUCTURE_REG16/76011,01010000002CF7E5A68F295AC0D81A3207093C4940,CAB:EC:C224630,,EC,LOC_C6225510,IPL,,0,LACC_TADSL_EQ,REGNSK,REGNSKSD,REGNSK04,SASKTEL,,PWC LMS 18-06,120842,UNK,,,BU,,,,,,
STRUCTURE_REG16/76012,01010000001C8C7245B6295AC0F89BF484463B4940,CAB:EC:C232768,,EC,LOC_C6233508,IPL,,0,LACC_TADSL_EQ,REGNSK,REGNSKWE,REGNSK04,SASKTEL,,,120842,UNK,,,BU,,,,,,
STRUCTURE_REG16/76014,0101000000805AF0C8B6295AC0489DFF12493B4940,CAB:JWIEX:D7279930,,JWI EXTENSION,LOC_D7245732,IPL,,0,LACC_ATRENCH_C,REGNSK,,REGNSK04,SASKTEL,,LENGTH=DEPTH,115259,UNK,,,BU,,,,,,
STRUCTURE_REG16/76961,010100000040436CA145295AC0A0254A40E1394940,CAB:EC:C217670,,EC,LOC_C6218625,IPL,,0,LACC_TADSL_EQ,REGNSK,REGNSKXU,REGNSK01,SASKTEL,,,120842,UNK,,,BU,,,,,,
STRUCTURE_REG16/92470,010100000058AD3A15EA2A5AC058D044DD293C4940,CAB:EC:C209290,,EC,LOC_C6210340,IPL,,0,LACC_TADSL_EQ,REGNSK,REGNSKRA,REGNSK04,SASKTEL,,,120842,UNK,,,BU,,,,,,
STRUCTURE_REG16/92473,010100000060F72735772A5AC0F09CD98D023C4940,CAB:JWI:C210588,,JWI,LOC_C6211610,IPL,,0,LACC_ATRENCH_C,REGNSK,,REGNSK04,SASKTEL,,"LENGTH=DEPTH
GROUNDING & ANCHORING REQUIRED.",100652,UNK,,,BU,,,,,,
STRUCTURE_REG16/92788,010100000004FF3F743F2A5AC088D8C177513C4940,CAB:EC:C238950,,EC,LOC_C6239584,IPL,,0,LACC_TADSL_EQ,REGNSK,REGNSKPN,REGNSK04,SASKTEL,,PWC LMS 24-11,120842,UNK,,,BU,,,,,,
STRUCTURE_REG16/93279,01010000004CE6CE35142B5AC020EA926C533A4940,CAB:EC:C223560,,EC,LOC_C6224451,IPL,,0,LACC_TADSL_EQ,REGNSK,REGNSKNV,REGNSK04,SASKTEL,,PWC LMS 24-18,120842,UNK,,,BU,,,,,,
STRUCTURE_REG16/93335,010100000098B240AC782B5AC0A0F9DE44CC3B4940,CAB:EC:C202539,,EC,LOC_C6203727,IPL,,0,LACC_TADSL_EQ,REGNSK,REGNSKTQ,REGNSK04,SASKTEL,,,120842,UNK,,,BU,,,,,,
STRUCTURE_REG16/120958,010100000008D14AEFB5295AC0D0458A084C3B4940,CAB:FC:C301138,,FC,LOC_C6300934,IPL,,0,LACC_TADSL_EQ,REGNSK,REGNSKJ6049,REGNSK04,SASKTEL,2013,,-,UNK,0010,962361,BU,,,,,,
STRUCTURE_REG16/121136,0101000000E4672F4A8C2B5AC0F0AFA29C6E3A4940,CAB:FC:C303053,,FC,LOC_DC6302839,IPL,,0,LACC_TADSL_EQ,REGNSK,REGNSKJ6057,REGNSK04,SASKTEL,,,-,UNK,,,BU,,,,,,
STRUCTURE_REG16/135037,010100000008EEC066C4295AC0706B38BDEF3B4940,CAB:FC:C377346,,FC,LOC_DC6375712,IPL,,0,LACC_TADSL_EQ,REGNSK,REGNSKJ6050,REGNSK04,SASKTEL,,,-,UNK,,,BU,,,,,,
STRUCTURE_REG16/139820,0101000000340123BBB42B5AC030BCC944113C4940,CAB:FC::12721812,,FC,LOC_C6198309,IPL,,0,LACC_TADSL_EQ,REGNSK,REGNSKJ6447,REGNSK04,SASKTEL,2016,,115251,,0010,985491,BU,,,,,,
STRUCTURE_REG16/166057,010100000050515F10DD285AC060BD6EA43B3A4940,CAB:EC::7114074,,EC,LOC_6976533,IPL,,0,LACC_TADSL_EQ,REGNSK,REGOSKMK,REGNSK01,SASKTEL,2013,,120842,UNK,0010,964800,BU,,,,,,
STRUCTURE_REG16/204655,0101000000E4E643998B2B5AC05890E1A96E3A4940,CAB:EC:C218746,,EC,LOC_C6219700,IPL,,0,LACC_TADSL_EQ,REGNSK,REGNSKZW,REGNSK04,SASKTEL,,PWC LMS 18-04,120842,UNK,,,BU,,,,,,
STRUCTURE_REG16/206428,010100000044515109B0295AC0B8F1F75DE1394940,CAB:JWI:C195330,,JWI,LOC_C6196612,IPL,,0,LACC_ATRENCH_C,REGNSK,,REGNSK01,SASKTEL,,"LENGTH=DEPTH
GROUNDING & ANCHORING REQUIRED.",100652,UNK,,,BU,,,,,,
STRUCTURE_REG16/224278,0101000000E4FDE2C64B2B5AC0F069F0593F3A4940,CAB:EC::6735550,,EC,LOC_6668679,IPL,,0,LACC_TADSL_EQ,REGNSK,,REGNSK01,SASKTEL,2013,,120842,UNK,0010,968728,BU,,,,,,
STRUCTURE_REG16/225959,0101000000183DE451BD295AC0A874F086533A4940,CAB:EC:C214974,,EC,LOC_C6215956,IPL,,0,LACC_TADSL_EQ,REGNSK,REGNSKNW,REGNSK04,SASKTEL,,,120842,UNK,,,BU,,,,,,
STRUCTURE_REG16/230348,0101000000246D8628BA295AC0083682B5333B4940,CAB:FC:C329372,,FC,LOC_DC6328659,IPL,,0,LACC_TADSL_EQ,REGNSK,REGNSKJ6052,REGNSK04,SASKTEL,2012,,-,UNK,0010,961360,BU,,,,,,
STRUCTURE_REG16/241890,01010000000049547FCF295AC0A895DD614D3C4940,CAB:JWI:C228027,,JWI,LOC_C6228878,IPL,,0,LACC_ATRENCH_C,REGNSK,,REGNSK04,SASKTEL,,PWC LMS 20-05,100652,I 0206,,,BU,,,,,,
STRUCTURE_REG16/249934,010100000080EDCCA9C9295AC0F882CEF2DC3A4940,CAB:FC:C348913,,FC,LOC_C6348008,IPL,,0,LACC_TADSL_EQ,REGNSK,,REGNSK04,SASKTEL,2012,,-,UNK,,,BU,,,,,,
STRUCTURE_REG16/285230,0101000000F07A198DC8295AC048EA20F6DC3A4940,CAB:EC:C220290,,EC,LOC_C6221229,IPL,,0,LACC_TADSL_EQ,REGNSK,REGNSKZS,REGNSK04,SASKTEL,,,120842,UNK,,,BU,,,,,,
STRUCTURE_REG16/285239,0101000000F8391C95CF295AC0B8D871594B3C4940,CAB:EC:C228255,,EC,LOC_C6229084,IPL,,0,LACC_TADSL_EQ,REGNSK,REGNSKWD,REGNSK04,SASKTEL,,,120842,UNK,,,BU,,,,,,
STRUCTURE_REG16/285240,0101000000EC39E8C6BF295AC068D9B585333B4940,CAB:EC:C229910,,EC,LOC_C6230733,IPL,,0,LACC_TADSL_EQ,REGNSK,REGNSKZR,REGNSK04,SASKTEL,,,120842,UNK,,,BU,,,,,,
STRUCTURE_REG16/286928,0101000000EC989B1EBD2B5AC04868ADD0D63A4940,CAB:EC:C199912,,EC,LOC_C6201132,IPL,,0,LACC_TADSL_EQ,REGNSK,REGNSKMA,REGNSK04,SASKTEL,,,120842,UNK,,,BU,,,,,,
STRUCTURE_REG16/286953,0101000000644D3662892A5AC01091432C313B4940,CAB:EC:C202868,,EC,LOC_C6204044,IPL,,0,LACC_TADSL_EQ,REGNSK,REGNSKPU,REGNSK04,SASKTEL,,,120842,UNK,,,BU,,,,,,
STRUCTURE_REG16/306775,010100000098A48054ED2A5AC028754624A23B4940,CAB:EC:C198428,,EC,LOC_C6199677,IPL,,0,LACC_TADSL_EQ,REGNSK,REGNSKSH,REGNSK04,SASKTEL,,PWC LMS 10-14,120842,UNK,,,BU,,,,,,
STRUCTURE_REG16/309997,01010000006C4B4C66E8285AC0B0BFFFA5783A4940,CAB:FC::11712203,,FC,LOC_C6200953,IPL,,23815075,LACC_TADSL_EQ,REGNSK,REGNSKJ6197,REGNSK01,SASKTEL,2015,,-,,0010,981394,,,,,,,
STRUCTURE_REG16/323188,010100000058D65DD6CD285AC080BE347FAB3A4940,CAB:EC:C203960,,EC,LOC_C6205108,IPL,,0,LACC_TADSL_EQ,REGNSK,REGNSKXA,REGNSK01,SASKTEL,,,120842,UNK,,,BU,,,,,,
STRUCTURE_REG16/324978,0101000000148CC3F9B1295AC0E012345EE1394940,CAB:EC:C202150,,EC,LOC_C6203337,IPL,,0,LACC_TADSL_EQ,REGNSK,REGNSKXV,REGNSK01,SASKTEL,,,120842,UNK,,,BU,,,,,,
STRUCTURE_REG16/326611,01010000006464EE2C2A2A5AC05800484A533A4940,CAB:EC:C214204,,EC,LOC_C6215191,IPL,,0,LACC_TADSL_EQ,REGNSK,REGNSKNL,REGNSK04,SASKTEL,,PWC LMS 24-16,120842,UNK,,,BU,,,,,,
STRUCTURE_REG16/340618,010100000008AFF23EAD2B5AC0C886520EF53B4940,CAB:EC:C198838,,EC,LOC_C6200073,IPL,,0,LACC_TADSL_EQ,REGNSK,REGNSKNH,REGNSK04,SASKTEL,,PWC LMS 22-25,120842,UNK,,,BU,,,,,,
STRUCTURE_REG16/344774,01010000005C920577C0295AC010DC80F09D3A4940,CAB:EC:C221690,,EC,LOC_C6222612,IPL,,0,LACC_TADSL_EQ,REGNSK,REGNSKZT,REGNSK04,SASKTEL,,,120842,UNK,,,BU,,,,,,
STRUCTURE_REG16/346446,01010000002C50E3C2272B5AC08072990F123C4940,CAB:JWI:C214321,,JWI,LOC_C6215312,IPL,,0,LACC_ATRENCH_C,REGNSK,REGNSKJ0039,REGNSK04,SASKTEL,,PWC LMS 22-18,100652,I 0204,,,BU,,,,,,
STRUCTURE_REG16/369268,01010000002C174C574B295AC088EC8852E1394940,CAB:FC::11722139,,FC,LOC_C6264694,IPL,,23837812,LACC_TADSL_EQ,REGNSK,REGNSKJ6187,REGNSK01,SASKTEL,2014,,-,,0010,976999,BU,,,,,,
STRUCTURE_REG16/388339,0101000000F0A5ADCDA32A5AC078ED0EA0543A4940,CAB:EC:C221052,,EC,LOC_C6221986,IPL,,0,LACC_TADSL_EQ,REGNSK,REGNSKZV,REGNSK04,SASKTEL,1999,,120842,UNK,0010,912680,BU,,,,,,
STRUCTURE_REG16/388636,0101000000BCFD81BEC9295AC050C34A81DC3A4940,CAB:FC:C312335,,FC,LOC_DC6311987,IPL,,0,LACC_TADSL_EQ,REGNSK,REGNSKJ6053,REGNSK04,SASKTEL,2012,,-,UNK,0010,961361,BU,,,,,,
STRUCTURE_REG16/389213,010100000044FAA0A637295AC0B89B1F6D863B4940,CAB:VAULT::10813004,,VAULT,LOC_10472581,IPL,,0,LACC_ATRENCH_F,REGOSKVVQ51,,REGNSK04,SASKTEL,2020,"COST IS FOR VAULT ONLY, CABINET SUPPLIED BY PROVISIONER.",120842,,0000,808604,U,,,,,,
STRUCTURE_REG16/390501,01010000005C718280262B5AC048D20410123C4940,CAB:FC::12722128,,FC,LOC_C6215312,IPL,,0,LACC_TADSL_EQ,REGNSK,REGNSKJ6457,REGNSK04,SASKTEL,2021,,115251,,0010,104604,BU,,,,,,
STRUCTURE_REG16/400383,0101000000880BD708BC295AC0F88D07AC333B4940,CAB:JWI:C229892,,JWI,LOC_C6230722,IPL,,0,LACC_ATRENCH_C,REGNSK,,REGNSK04,SASKTEL,,"LENGTH=DEPTH
GROUNDING & ANCHORING REQUIRED.",100652,I 0212,,,BU,,,,,,
STRUCTURE_REG16/420643,0101000000288B1376892A5AC0101AA3DDF73B4940,CAB:JWI:C210729,,JWI,LOC_C6211748,IPL,,0,LACC_ATRENCH_C,REGNSK,,REGNSK04,SASKTEL,,"LENGTH=DEPTH
GROUNDING & ANCHORING REQUIRED.",100652,I 0205,,,BU,,,,,,
STRUCTURE_REG16/428160,01010000003045838BCA295AC0F07F7CB3543A4940,CAB:FC:C304864,,FC,LOC_C6304630,IPL,,0,LACC_TADSL_EQ,REGNSK,REGNSKJ6058,REGNSK04,SASKTEL,2012,,-,UNK,0010,962363,BU,,,,,,
STRUCTURE_REG16/449774,010100000038F40BE637295AC070FFAFAC873B4940,CAB:EC::12117962,,EC,LOC_10472581,IPL,,0,LACC_TADSL_EQ,REGNSK,REGOSKVVWP9,REGNSK04,SASKTEL,2022,,120842,,0000,817523,BU,,,,,,
STRUCTURE_REG16/452703,0101000000C02840C8DD285AC048621EA63B3A4940,CAB:EC::7114077,,EC,LOC_6976533,IPL,,0,LACC_TADSL_EQ,REGNSK,,REGNSK01,SASKTEL,2013,,120842,UNK,0010,964800,BU,,,,,,
STRUCTURE_REG16/465250,0101000000281E8471312B5AC07050AED5103C4940,CAB:EC:C214290,,EC,LOC_C6215276,IPL,,0,LACC_TADSL_EQ,REGNSK,REGNSKZP,REGNSK04,SASKTEL,,,120842,UNK,,,BU,,,,,,
STRUCTURE_REG16/469479,0101000000C0F95AEBF9295AC0F893CC7F023C4940,CAB:FC:C376865,,FC,LOC_DC6375238,IPL,,0,LACC_TADSL_EQ,REGNSK,REGNSKJ6051,REGNSK04,SASKTEL,,,-,UNK,,,BU,,,,,,
STRUCTURE_REG16/489110,01010000007879D2733F2A5AC0905FACCD513C4940,CAB:VAULT::8867050,,VAULT,LOC_C6239584,IPL,,0,LACC_TADSL_EQ,REGNSK,REGNSKJ6245,REGNSK04,SASKTEL,2015,"COST IS FOR VAULT ONLY, CABINET SUPPLIED BY PROVISIONER.",120842,,0010,983635,BU,,,,,,
STRUCTURE_REG16/489167,01010000005836E59D922C5AC058CD7C6CEA394940,CAB:VAULT::9284711,,VAULT,LOC_8743623,IPL,,0,LACC_ATRENCH_F,REGNSK,REGNSKJ6274,REGNSK01,SASKTEL,2017,FDH VAULT # 129286,120842,,0000,801034,BU,FDH Vault 576/432/288,COVER 576/,,,,
STRUCTURE_REG16/504871,010100000038148932292A5AC0082BC67ADC3A4940,CAB:EC:C220570,,EC,LOC_C6221513,IPL,,0,LACC_TADSL_EQ,REGNSK,REGNSKNM,REGNSK04,SASKTEL,,,120842,UNK,,,BU,,,,,,
STRUCTURE_REG16/507689,01010000005C0D99F0A02A5AC008215675523A4940,CAB:FC:C301460,,FC,LOC_C6301253,IPL,,0,LACC_TADSL_EQ,REGNSK,REGNSKJ6056,REGNSK04,SASKTEL,2012,,-,UNK,0010,961364,BU,,,,,,
STRUCTURE_REG16/523013,01010000000C7C8BD546295AC0807E7749E1394940,CAB:JWI:C193826,,JWI,LOC_C6195137,IPL,,0,LACC_ATRENCH_C,REGNSK,,REGNSK01,SASKTEL,,"LENGTH=DEPTH
GROUNDING & ANCHORING REQUIRED.",100652,UNK,,,BU,,,,,,
STRUCTURE_REG16/524584,0101000000940D59472F2B5AC0D01DD7D5103C4940,CAB:EC:C214294,,EC,LOC_C6215278,IPL,,0,LACC_TADSL_EQ,REGNSK,REGNSKZP,REGNSK04,SASKTEL,,,120842,UNK,,,BU,,,,,,
STRUCTURE_REG16/564726,01010000000404F675792A5AC0283D6E8D023C4940,CAB:EC:C210598,,EC,LOC_C6211614,IPL,,0,LACC_TADSL_EQ,REGNSK,,REGNSK04,SASKTEL,,,120842,UNK,,,BU,,,,,,
STRUCTURE_REG16/578228,010100000060EA2B6BA22A5AC0886D39A1543A4940,CAB:JWI:C221035,,JWI,LOC_C6221968,IPL,,0,LACC_ATRENCH_C,REGNSK,,REGNSK04,SASKTEL,1972,"PWC LMS 18-03,24-17",100652,I 0216,,59012,BU,,,,,,
STRUCTURE_REG16/582682,0101000000242804C6C8295AC088909AB3543A4940,CAB:EC:C213011,,EC,LOC_C6214014,IPL,,0,LACC_TADSL_EQ,REGNSK,REGNSKZU,REGNSK04,SASKTEL,,,120842,UNK,,,BU,,,,,,
STRUCTURE_REG16/584328,0101000000B081256B752A5AC0B013CC42023C4940,CAB:EC:C210596,,EC,LOC_C6211612,IPL,,0,LACC_TADSL_EQ,REGNSK,REGNSKZQ,REGNSK04,SASKTEL,,,120842,UNK,,,BU,,,,,,
STRUCTURE_REG16/586930,010100000064C5FB67892A5AC0C898FE69C63B4940,CAB:FC:C355508,,FC,LOC_DC6354375,IPL,,0,LACC_TADSL_EQ,REGNSK,REGNSKJ6055,REGNSK04,SASKTEL,2012,,-,UNK,0010,961363,BU,,,,,,
STRUCTURE_REG16/600948,0101000000F0BD54A637295AC0A87998A7873B4940,CAB:VAULT::10813003,,VAULT,LOC_10472581,IPL,,0,LACC_ATRENCH_F,REGOSKVVWP9,,REGNSK04,SASKTEL,2020,"COST IS FOR VAULT ONLY, CABINET SUPPLIED BY PROVISIONER.",120842,,0000,808604,U,,,,,,
STRUCTURE_REG16/608864,01010000000C2971E337295AC0E035F374863B4940,CAB:EC::12117963,,EC,LOC_10472581,IPL,,0,LACC_TADSL_EQ,REGNSK,REGOSKVVQ21/51,REGNSK04,SASKTEL,2022,,120842,,0000,817523,BU,,,,,,
STRUCTURE_REG16/621028,01010000006081F8BECD285AC0A8B9D05AA63A4940,CAB:JWI:C194000,,JWI,LOC_C6195303,IPL,,0,LACC_ATRENCH_C,REGNSK,REGNSKJ0007,REGNSK01,SASKTEL,,"LENGTH=DEPTH
GROUNDING & ANCHORING REQUIRED.",100652,UNK,,,BU,,,,,,
