id,location,name,type_name,inventory_status_code,st_std_desc,clli_code,st_clli_cd,st_co_id,st_ownr_co_nm,created_user,created_date,last_edited_user,last_edited_date
STRUCTUREF85B76BBB8A24A6794AAA2C0A716CB14,01010000000CDEBA0F5E235AC0305BB1E0FA374940,SPJCT:SPJCT::11560843,SPAN JUNCTION,IPL,,REGNSK,,REGNSK45,SASKTEL,MACAM1,2021-07-22T11:48:48,,2025-03-17T01:28:57
STRUCTURE7D4B56A38D874C2986C6D946982F3C9F,010100000098FBABC77D235AC040D3AD6C99374940,PJCT:SPJCT::10865803,SPAN JUNCTION,PDA,,REGNSK,,REGNSK45,SASKTEL,JOSHH1,2020-04-22T15:21:37,,2025-02-28T07:03:31
STRUCTUREBEE04C0023944FC8B7B86C979C56FBDC,0101000000F0A9FE696C235AC088601CC996374940,PJCT:SPJCT::10865805,SPAN JUNCTION,PDA,,REGNSK,,REGNSK45,SASKTEL,JOSHH1,2020-04-22T15:42:49,,2025-02-28T07:03:32
STRUCTURE82179CB605994A5C92714431C349C0BE,0101000000E0191B578F235AC0489946938B374940,SPJCT:SPJCT::7201754,SPAN JUNCTION,IPL,,REGNSK,,REGNSK45,SASKTEL,,,,2025-03-18T06:29:10
STRUCTUREFE9CBA2EBB87473C8CEA5262F6DA7375,0101000000007547225B235AC068F1ADA5C6374940,PJCT:SPJCT::10260686,SPAN JUNCTION,IPL,,REGNSK,,REGNSK45,SASKTEL,WIESJ3,2018-12-19T11:36:07,,2023-11-03T01:42:17
STRUCTURE22F8B2130D76414D8601E3F8BFAEB9AA,010100000098614AF437235AC0B85156A6F4374940,PJCT:SPJCT::10260689,SPAN JUNCTION,IPL,,REGNSK,,REGNSK45,SASKTEL,WIESJ3,2018-12-19T11:58:23,,2023-11-03T01:42:17
STRUCTURE6C8740F354674CB38501F5AA39D62ABA,01010000003CBA7BFA34235AC0485A673F3C384940,PJCT:SPJCT::10261013,SPAN JUNCTION,IPL,,REGNSK,,REGNSK45,SASKTEL,WIESJ3,2018-12-19T14:00:19,,2023-11-03T01:42:18
STRUCTURE1BDF2AA73F7D4424BA4BE9AE39061EBF,0101000000F05CECB1A5235AC0D836E65EE8374940,PJCT:SPJCT::10261647,SPAN JUNCTION,IPL,,REGNSK,,REGNSK45,SASKTEL,WIESJ3,2018-12-19T14:47:28,,2023-11-03T01:42:11
STRUCTURE632EDB211FE44EB29623654E9370F0DD,010100000068B744CBAD235AC0A898403ACA374940,PJCT:SPJCT::10261649,SPAN JUNCTION,IPL,,REGNSK,,REGNSK45,SASKTEL,WIESJ3,2018-12-19T15:00:27,,2023-11-03T01:42:17
STRUCTURE3FFFECECA37E48CABC1B5EB55A7D3D08,010100000054157CFB5C235AC00025196703384940,PJCT:SPJCT::10500682,SPAN JUNCTION,IPL,,REGNSK,,REGNSK45,SASKTEL,WIESJ3,2019-06-17T10:35:19,,2023-11-03T01:42:13
STRUCTURE8B8E51BB5C7848EC997F2825A365FC72,01010000009046D45DDC235AC0C0E6F52A29384940,PJCT:SPJCT::10502284,SPAN JUNCTION,IPL,,REGNSK,,REGNSK45,SASKTEL,WIESJ3,2019-06-17T16:02:09,,2023-11-03T01:43:28
STRUCTURE5BBFD9DADA864F79BCBB58425F476960,010100000034CFC56A29235AC0F8A57E4BF1374940,PJCT:SPJCT::10502605,SPAN JUNCTION,IPL,,REGNSK,,REGNSK45,SASKTEL,WIESJ3,2019-06-17T17:10:24,,2023-11-03T01:42:09
STRUCTURE8FEA0B13010B4F59BBF51D544201D60C,0101000000F885D35958235AC070978E8A56384940,PJCT:SPJCT::10543596,SPAN JUNCTION,IPL,,REGNSK,,REGNSK45,SASKTEL,WIESJ3,2019-07-22T15:37:13,,2023-11-03T01:42:18
STRUCTURE8182aa76a64d4276a890e905a07bbbef,01010000004C3D53616C235AC0701B805996374940,SPJCT:SPJCT:C217203,SPAN JUNCTION,IPL,,REGNSK,,REGNSK45,SASKTEL,,,,2022-04-08T07:34:39
STRUCTUREe6e9999842cc48fb8da4a11c6bc3f41a,0101000000586F8C7E43235AC01893C9D956384940,SPJCT:SPJCT:C213589,SPAN JUNCTION,IPL,,REGNSK,,REGNSK45,SASKTEL,,,,2022-04-08T07:38:25
STRUCTURE119eb0cb62db484281ae0ff1493af7b7,010100000030A1A5D27F235AC0C03BB1D585374940,SPJCT:SPJCT:C222840,SPAN JUNCTION,IPL,,REGNSK,,REGNSK45,SASKTEL,,,,2022-04-08T07:41:19
STRUCTURE0ea1984169b54039b8c2d220b06311c1,0101000000D0E857385E235AC0D0F334EEFA374940,SPJCT:SPJCT:C213193,SPAN JUNCTION,IPL,,REGNSK,,REGNSK45,SASKTEL,,,,2022-04-08T07:37:07
STRUCTURE11504d7ab8d54f8f9160f07e770b536e,0101000000307F8C865A235AC0D898270FFF374940,SPJCT:SPJCT:C188704,SPAN JUNCTION,IPL,,REGNSK,,REGNSK45,SASKTEL,,,,2022-04-08T07:41:26
STRUCTURE46a46eb471a949209e67296f3c070fd5,01010000000CA0E6B134235AC08075374A3C384940,SPJCT:SPJCT:C214993,SPAN JUNCTION,IPL,,REGNSK,,REGNSK45,SASKTEL,,,,2022-04-08T07:38:14
STRUCTURE2e56e21837224c58ab911465660687ed,0101000000F8863B7738235AC050B312F0F4374940,SPJCT:SPJCT:C214235,SPAN JUNCTION,IPL,,REGNSK,,REGNSK45,SASKTEL,,,,2022-04-08T07:38:18
STRUCTUREe990581144cb454d98498c3e9132d28e,010100000024FD04EA29235AC028CA59D062384940,SPJCT:SPJCT:C166202,SPAN JUNCTION,IPL,,REGNSK,,REGNSK45,SASKTEL,,,,2022-04-08T07:33:16
STRUCTURE1b5a86f0d3b3449b8216e8f1e6000ea0,010100000094F9E1FC5A235AC008514246C6374940,SPJCT:SPJCT:C216888,SPAN JUNCTION,IPL,,REGNSK,,REGNSK45,SASKTEL,,,,2022-04-08T07:34:38
STRUCTURE7bf6accfcff845bd9e92f64bbe7aae92,01010000008CA4204F5D235AC0E8E24A6B03384940,SPJCT:SPJCT:C211701,SPAN JUNCTION,IPL,,REGNSK,,REGNSK45,SASKTEL,,,,2022-04-08T07:33:19
STRUCTURE4e1a112c674f424e893ab32842fc399a,0101000000B8DB976173235AC0C8F02C3C8D374940,SPJCT:SPJCT:C217171,SPAN JUNCTION,IPL,,REGNSK,,REGNSK45,SASKTEL,,,,2022-04-08T07:41:19
STRUCTURE9d1478dba32f45ee9972ce589dd9aa41,01010000006095566C81235AC0F825E68982374940,SPJCT:SPJCT:C216962,SPAN JUNCTION,IPL,,REGNSK,,REGNSK45,SASKTEL,,,,2022-04-08T07:41:22
STRUCTURE2f59d91ff9354b0fb5fc0f953e0e4619,010100000084380BB87D235AC04893812C99374940,SPJCT:SPJCT:C217135,SPAN JUNCTION,IPL,,REGNSK,,REGNSK45,SASKTEL,,,,2022-04-08T07:41:18
STRUCTURE039d88d9f824426a8325f7124c4e5bd0,010100000054FF6968D8235AC0883B59CF28384940,SPJCT:SPJCT:C209355,SPAN JUNCTION,IPL,,REGNSK,,REGNSK45,SASKTEL,,,,2022-04-08T07:33:28
STRUCTURE9470203c67ea4c57b6754dcc3324b036,01010000006C4AAE9F94235AC0A890FD29DE374940,SPJCT:SPJCT:C213076,SPAN JUNCTION,IPL,,REGNSK,,REGNSK45,SASKTEL,,,,2022-04-08T07:36:03
STRUCTURE430BADD4A41A465CB15341228B0D0019,0101000000140ADDC77F235AC09869C06285374940,PJCT:SPJCT::10845658,SPAN JUNCTION,IPL,,REGNSK,,REGNSK45,SASKTEL,WIESJ3,2020-04-07T15:29:27,,2022-11-10T21:11:30
STRUCTURE6A03111B587F49F8AC78D5824584404F,01010000008CE33DBD88235AC090A1BFE487374940,PJCT:SPJCT::10797645,SPAN JUNCTION,IPL,,REGNSK,,REGNSK45,SASKTEL,WIESJ3,2020-02-24T10:31:14,,2022-11-10T21:20:46
STRUCTURE588C1DEC79324DE1830B16EDB43880F1,01010000007027220D78235AC0F066F6AEBE374940,SPJCT:SPJCT::7082714,SPAN JUNCTION,IPL,,REGNSK,,REGNSK45,SASKTEL,,,,2022-11-10T21:22:54
STRUCTURE81E2346471E04B5294CFEA32BD1CAC5E,010100000044FEBB994C235AC080089461DD374940,PJCT:SPJCT::10465514,SPAN JUNCTION,IPL,,REGNSK,,REGNSK45,SASKTEL,WILLJ2,2019-05-23T10:23:57,,2022-11-10T21:15:03
STRUCTURE4C28D516D4224C419442C20611B4A038,0101000000842DAA3699235AC0A81D1135CC374940,SPJCT:SPJCT::7203373,SPAN JUNCTION,IPL,,REGNSK,,REGNSK45,SASKTEL,,,,2022-11-10T21:07:20
STRUCTURE96CE1DEBCAD74F03AC56B82B0ED2534F,0101000000C0D1CCC85D235AC0B0FD54175B374940,SPJCT:SPJCT::7203034,SPAN JUNCTION,IPL,,REGNSK,,REGNSK45,SASKTEL,,,,2022-11-10T21:05:06
STRUCTURE83C993196B884D919A4C48F820991A61,01010000007474772BD8235AC0584AD41A29384940,PJCT:SPJCT::10261646,SPAN JUNCTION,IPL,,REGNSK,,REGNSK45,SASKTEL,WIESJ3,2018-12-19T14:24:15,,2023-11-03T01:42:19
STRUCTURE278A41F6F05D42918CE77AF17C505D77,010100000038438D1C8B235AC0B8D798308A374940,PJCT:SPJCT::10797646,SPAN JUNCTION,IPL,,REGNSK,,REGNSK45,SASKTEL,WIESJ3,2020-02-24T10:34:39,,2024-02-16T00:16:30
STRUCTURE6C54563AC3CB4DC494825AD3666624A8,0101000000847CA47C99235AC0383837319A374940,SPJCT:SPJCT::13252702,SPAN JUNCTION,PDA,,REGNSK,,REGNSK45,SASKTEL,ROOKP2,2024-09-09T15:08:34,,2025-02-12T03:50:46
STRUCTURE7f9fd3715a474c0e999e184ce5d25521,0101000000E87362CD70235AC0E8E36868E5374940,SPJCT:SPJCT:C213269,SPAN JUNCTION,IPL,,REGNSK,,REGNSK45,SASKTEL,,,,2022-04-08T07:41:26
STRUCTUREADF64B1884BB4F319408354472CA323D,01010000005077A7337E235AC078F5E212A7374940,SPJCT:SPJCT::7312154,SPAN JUNCTION,IPL,,,,REGNSK45,SASKTEL,,,,2022-11-10T21:19:39
STRUCTURE9287b15a4efc4190827d214852e481dd,0101000000D8995112A3235AC020FD334615384940,SPJCT:SPJCT:C209811,SPAN JUNCTION,IPL,,REGNSK,,REGNSK45,SASKTEL,,,,2022-04-08T07:33:24
STRUCTURE538EF9B03B71449E8465D1AC628590F8,0101000000FCC3956729235AC0882A2F78DF374940,PJCT:SPJCT::10502602,SPAN JUNCTION,IPL,,REGNSK,,REGNSK45,SASKTEL,WIESJ3,2019-06-17T17:04:43,,2023-11-03T01:43:28
STRUCTURE633A4D598935491386F5E3380BABD38B,0101000000FC34D67A96235AC060911D90CE374940,PJCT:SPJCT::10502291,SPAN JUNCTION,IPL,,REGNSK,,REGNSK45,SASKTEL,WIESJ3,2019-06-17T16:44:28,,2023-11-03T01:42:17
STRUCTUREB233154D31894FDCB0AEDE9F20AA430F,01010000008C1FD94599235AC0E8A9AFFDD0374940,PJCT:SPJCT::10502293,SPAN JUNCTION,IPL,,REGNSK,,REGNSK45,SASKTEL,WIESJ3,2019-06-17T16:49:35,,2023-11-03T01:42:05
STRUCTUREE0A7327858AF4B41BE01E906853E0BC2,010100000090100A1CD9235AC0C8717BAA0C384940,PJCT:SPJCT::10504204,SPAN JUNCTION,IPL,,REGNSK,,REGNSK45,SASKTEL,WIESJ3,2019-06-19T09:45:40,,2023-11-03T01:42:12
STRUCTUREdaabb06443b84336bb3cd3a715ea9ecf,010100000080BD9D0580235AC0C0F89A39B2374940,SPJCT:SPJCT:C216501,SPAN JUNCTION,IPL,,REGNSK,,REGNSK45,SASKTEL,,,,2022-04-08T07:41:22
STRUCTURE913b8cdf0e5242539e4d64b6ef21c272,01010000009CFA49ADBE235AC03891E1970B384940,SPJCT:SPJCT:C212146,SPAN JUNCTION,IPL,,REGNSK,,REGNSK45,SASKTEL,,,,2022-04-08T07:33:27
STRUCTURE75cbe02bcbc4455a8c7d53136b466a55,010100000020D38836B3235AC0A873479728384940,SPJCT:SPJCT:C209404,SPAN JUNCTION,IPL,,REGNSK,,REGNSK45,SASKTEL,,,,2022-04-08T07:33:15
STRUCTURE7d11e138b3bc47e5b259418960c7099f,0101000000FC0158E296235AC0A84492F39A374940,SPJCT:SPJCT:C216629,SPAN JUNCTION,IPL,,REGNSK,,REGNSK45,SASKTEL,,,,2024-09-16T11:21:19
STRUCTURE4ab3d06223894bc39f46414d814134a3,01010000000C9829DB97235AC038F9D337CA374940,SPJCT:SPJCT:C216341,SPAN JUNCTION,IPL,,REGNSK,,REGNSK45,SASKTEL,,,,2022-04-08T07:41:28
STRUCTURED60ACA15ADCA4E44BF3F369250CA1CDF,0101000000DC68B32998235AC09836B368CA374940,SPJCT:SPJCT::7203372,SPAN JUNCTION,IPL,,REGNSK,,REGNSK45,SASKTEL,,,,2022-11-10T21:19:34
STRUCTURECBD91F8B933C4A079116FFD5DF0860D7,0101000000D48D4EC854235AC01854E616D5374940,PJCT:SPJCT::10260685,SPAN JUNCTION,IPL,,REGNSK,,REGNSK45,SASKTEL,WIESJ3,2018-12-19T11:34:39,,2023-11-03T01:42:02
STRUCTURE71EAB6B99BD24A9D8740ABA996D0A6D1,010100000058FF3C7A94235AC0B8767CCADD374940,PJCT:SPJCT::10261650,SPAN JUNCTION,IPL,,REGNSK,,REGNSK45,SASKTEL,WIESJ3,2018-12-19T15:07:09,,2023-11-03T01:42:12
STRUCTURE4CD1A237DAAA4E838B6A2E43126BBD4D,0101000000903DC80680235AC068D7BF8310384940,PJCT:SPJCT::10543597,SPAN JUNCTION,IPL,,REGNSK,,REGNSK45,SASKTEL,WIESJ3,2019-07-22T15:42:28,,2023-11-03T01:42:11
STRUCTUREDACB672A51C64D15B9C37B31F7CE009F,01010000002CAE6F6273235AC0503DD7068D374940,PJCT:SPJCT::10865806,SPAN JUNCTION,PDA,,REGNSK,,REGNSK45,SASKTEL,JOSHH1,2020-04-22T16:02:29,,2025-02-28T07:03:32
STRUCTUREED9A37992137416199544D94FA7989C2,01010000006C28960A73235AC030331FBC28384940,PJCT:SPJCT::10261012,SPAN JUNCTION,IPL,,REGNSK,,REGNSK45,SASKTEL,WIESJ3,2018-12-19T13:58:01,,2023-11-03T01:42:02
STRUCTURE2EFC2EFE640C4D15BB403C732A08DF95,010100000060A7BB5F83235AC040E1AC28A8374940,SPJCT:SPJCT::7927194,SPAN JUNCTION,IPL,,REGNSK,,REGNSK45,SASKTEL,,,,2022-11-10T21:25:12
STRUCTUREDB53C077EC0F43EC81D304FE0D83EEDB,0101000000600EFC5447235AC0A8982C56E3374940,PJCT:SPJCT::10260688,SPAN JUNCTION,IPL,,REGNSK,,REGNSK45,SASKTEL,WIESJ3,2018-12-19T11:43:59,,2023-11-03T01:42:13
STRUCTURE30F524D0EAB24A9380A9C9873BA246C0,010100000054D72F458A235AC040D90E5FC9374940,PJCT:SPJCT::10797978,SPAN JUNCTION,IPL,,REGNSK,,REGNSK45,SASKTEL,WIESJ3,2020-02-24T13:11:06,,2022-11-10T21:20:46
STRUCTURE6B8E7EE7073743309306858C8DBC7279,0101000000F8A8A05143235AC088F5548E56384940,PJCT:SPJCT::10261014,SPAN JUNCTION,IPL,,REGNSK,,REGNSK45,SASKTEL,WIESJ3,2018-12-19T14:03:30,,2023-11-03T01:42:08
STRUCTUREb9568a78528549768a1c203948c9058a,010100000014CDBBCB54235AC0006F5FACD4374940,SPJCT:SPJCT:C217272,SPAN JUNCTION,IPL,,REGNSK,,REGNSK45,SASKTEL,,,,2022-04-08T07:33:16
STRUCTURE42D862F4AA85437BADFFBDFE961DD73A,01010000005CE031BD96235AC0D85B8F0492374940,SPJCT:SPJCT::8606890,SPAN JUNCTION,IPL,,REGNSK,,REGNSK45,SASKTEL,,,,2022-11-10T21:16:44
STRUCTURE6f7866131a1e43b8840b08e016d6ad41,01010000003019F4C95D235AC0202836DA02384940,SPJCT:SPJCT:C211904,SPAN JUNCTION,IPL,,REGNSK,,REGNSK45,SASKTEL,,,,2022-04-08T07:33:16
STRUCTURE5d36ef741a7c4f599cdc4dc37d2a9982,0101000000E81B61E9AD235AC058DE85B5CA374940,SPJCT:SPJCT:C216239,SPAN JUNCTION,IPL,,REGNSK,,REGNSK45,SASKTEL,,,,2022-04-08T07:38:22
STRUCTURE80CFF7DC7AAB4B4B83385EEC06E8BAF2,0101000000A8CC6956A3235AC070492BE428384940,PJCT:SPJCT::10261644,SPAN JUNCTION,IPL,,REGNSK,,REGNSK45,SASKTEL,WIESJ3,2018-12-19T14:21:05,,2023-11-03T01:42:15
STRUCTURE4E403CD713594231B7329B155B7D413F,01010000004CF69471B3235AC0E07ECEE428384940,PJCT:SPJCT::10261645,SPAN JUNCTION,IPL,,REGNSK,,REGNSK45,SASKTEL,WIESJ3,2018-12-19T14:22:37,,2023-11-03T01:42:17
STRUCTUREd057808683594ed98cf80f00b285b36a,0101000000F4C0241BA3235AC0A0E9689928384940,SPJCT:SPJCT:C209422,SPAN JUNCTION,IPL,,REGNSK,,REGNSK45,SASKTEL,,,,2022-04-08T07:38:14
STRUCTURE49017F75686D4B4C9FC79BC18613BDE2,010100000040B01EB5F1235AC0489509DBE9374940,SPJCT:SPJCT::7153114,SPAN JUNCTION,IPL,,,,REGNSK45,SASKTEL,,,,2022-11-10T21:07:30
STRUCTURE27099434190D4642B45B8A255942E272,01010000001882AB886F235AC0B09DB0B0DF374940,SPJCT:SPJCT::11560842,SPAN JUNCTION,IPL,,REGNSK,,REGNSK45,SASKTEL,MACAM1,2021-07-22T11:44:55,,2025-03-17T01:28:57
STRUCTUREC2EB55E765C74B7E9DC1B87A87FC17FE,01010000007444C70659235AC0A86EC01741384940,PJCT:SPJCT::10502282,SPAN JUNCTION,IPL,,REGNSK,,REGNSK45,SASKTEL,WIESJ3,2019-06-17T15:45:46,,2023-11-03T01:42:06
STRUCTURE8ED9B3616A574FE39AFD6F46AE935B9B,010100000080FF2272BE235AC0F8A9624B0B384940,PJCT:SPJCT::10502287,SPAN JUNCTION,IPL,,REGNSK,,REGNSK45,SASKTEL,WIESJ3,2019-06-17T16:06:21,,2023-11-03T01:42:06
STRUCTURE8BD800E80DBB4209852ADC863750C360,0101000000E8B6628492235AC0A8CA85A4F8374940,PJCT:SPJCT::10523084,SPAN JUNCTION,IPL,,REGNSK,,REGNSK45,SASKTEL,WIESJ3,2019-07-04T09:02:12,,2023-11-03T01:42:18
STRUCTURE3f45289e274c4133a5a7b743ac727b4a,0101000000F030F455A0235AC0087E6FCEA6374940,SPJCT:SPJCT:C216621,SPAN JUNCTION,IPL,,REGNSK,,REGNSK45,SASKTEL,,,,2022-04-08T07:33:33
STRUCTURE5D46D12972F34A2681CEDAE32DE3DF9B,01010000008473CB16C2235AC0A838D735BC374940,SPJCT:SPJCT::7153115,SPAN JUNCTION,IPL,,,,REGNSK45,SASKTEL,,,,2025-03-18T06:27:38
STRUCTURE459398ABE03A489AA178781376D10283,010100000068953D62A4235AC0E8F15FB3AB374940,PJCT:SPJCT::11235083,SPAN JUNCTION,PDA,,REGNSK,,REGNSK45,SASKTEL,JOSHH1,2020-12-10T16:01:29,,2025-03-11T04:40:45
STRUCTURE8B217EC2EAEE4353A8176C1900635410,0101000000F8AA970A8A235AC098FF5DFAB2374940,PJCT:SPJCT::10305189,SPAN JUNCTION,ABD,,REGNSK,,REGNSK45,SASKTEL,VUDUP1,2019-01-22T10:44:25,,2022-11-10T04:34:31
STRUCTURE9008D62536AD43898028E003174D6D64,010100000084CAB7254F235AC0C8AD5A50DA374940,PJCT:SPJCT::10465515,SPAN JUNCTION,IPL,,REGNSK,,REGNSK45,SASKTEL,WILLJ2,2019-05-23T10:24:19,,2022-11-10T21:03:17
STRUCTURE3d68dac8ea04421e960b7ac5e1f9abdd,0101000000B4227DCF72235AC0E06FA87028384940,SPJCT:SPJCT:C213416,SPAN JUNCTION,IPL,,REGNSK,,REGNSK45,SASKTEL,,,,2022-04-08T07:38:26
STRUCTURE6968D2487CF642E3A00416B32A737D6F,010100000068D041DE85235AC040E2C5FFB3374940,SPJCT:SPJCT::8141914,SPAN JUNCTION,IPL,,REGNSK,,REGNSK45,SASKTEL,,,,2022-11-10T21:18:30
STRUCTUREaaab4d46c047456793f401226265581f,0101000000ECC8A2FA98235AC0D8043911C5374940,SPJCT:SPJCT:C216301,SPAN JUNCTION,IPL,,REGNSK,,REGNSK45,SASKTEL,,,,2022-04-08T07:34:35
