id,location,name,type_name,inventory_status_code,work_order_name,st_std_desc,clli_code,st_clli_cd,st_co_id,st_ownr_co_nm,st_vntge_yr,st_rmks,st_trmnl_id,sap_pm_order,st_sap_stk_id,st_fbr_grnd_pnt_ind,st_rte_pdstl_exch_txt,created_user,created_date,last_edited_user,last_edited_date
STRUCTUREe2dea9824b974a7f9e29891f9ee60c3e,0101000000E8B55F9258235AC010C93AD04E384940,PED:JSPED:C213521,JOINT STANDARD PED,IPL,,,REGNSK,,REGNSK45,SASKPOWER,,,R 2234 NEWIS BAY E,,,,"R 2234 NEWIS BAY E, REGNSK",,,THUND1,2025-03-17T05:02:21
STRUCTURED62FC2808F8D48D2A50B5A443452F056,01010000009CD8F96D7E235AC0A0479935BA374940,PED:SST::10504203,COMPANY STEEL STAKE,IPL,,LACC_ATRENCH_F,REGNSK,,REGNSK45,SASKTEL,2020,,,996623,,,", REGNSK",WIESJ3,2019-06-19T08:02:59,ENAGV1,2025-03-13T01:18:15
STRUCTURE0BD4122C37154A30A2B1048EA2653804,010100000074CE542A96235AC06066447B92374940,PED:FPED::11403746,FOREIGN,IPL,,,REGNSK,,REGNSK45,ACCESS COMMUNICATIONS,,,UNK,,,,"UNK, REGNSK",THUND1,2021-04-07T04:26:14,THUND1,2025-03-18T06:29:00
STRUCTURE454898f7a28c4a16b7b917fcbf39ed3a,0101000000A8DB8C1255235AC0D098190892374940,PED:JSPED:C217026,JOINT STANDARD PED,IPL,,,REGNSK,,REGNSK45,SASKPOWER,,,R 2123 CUNNING CRES,,,,"R 2123 CUNNING CRES, REGNSK",,,RAVAG1,2023-11-12T22:28:23
STRUCTURED640F273A3D9479D904CC3FDF76009DD,010100000008973C3B6C235AC0909E5A9E43384940,PED:JUPED::10589963,JOINT TRF PED,IPL,,,REGNSK,,REGNSK45,SASKPOWER,2019,,,,,,", REGNSK",WIESJ3,2019-08-13T09:17:56,MILLS1,2024-06-12T12:26:42
STRUCTURE0BAE8499B8AE4F0585F6D60FC208A6E3,0101000000907DDCF3C6235AC0E83D5123FE374940,PED:SST::10500687,COMPANY STEEL STAKE,IPL,,LACC_ATRENCH_F,REGNSK,,REGNSK45,SASKTEL,2020,LENGTH=DEPTH,,996623,100791,,", REGNSK",WIESJ3,2019-06-17T13:28:37,RAVAG1,2023-11-02T20:49:24
STRUCTURE1F7FBC53F27E4E4EBF3591F49ECAE2EE,010100000048FBBB7E8E235AC058FCD39EF6374940,PED:SST::10523083,COMPANY STEEL STAKE,IPL,,LACC_ATRENCH_F,REGNSK,,REGNSK45,SASKTEL,2020,LENGTH=DEPTH,,996623,100791,,", REGNSK",WIESJ3,2019-07-04T08:54:31,RAVAG1,2023-11-02T20:49:17
STRUCTUREd1acd3b1929b4fe49757eb670f491faf,010100000040EB301299235AC0F05F31A1C4374940,PED:SST:C216323,COMPANY STEEL STAKE,IPL,,LACC_ATRENCH_C,REGNSK,,REGNSK45,SASKTEL,,NO AP IN MARTENS,UNK,,100791,,"UNK, REGNSK",,,MANGM1,2024-10-25T16:22:07
STRUCTUREC0AD5D2A0798463BA90D48E846C34C2C,0101000000908DC8F668235AC07071F9218C374940,PED:SST::10797642,COMPANY STEEL STAKE,IPL,,LACC_ATRENCH_F,REGNSK,,REGNSK45,SASKTEL,2020,LENGTH=DEPTH,,996623,100791,,", REGNSK",WIESJ3,2020-02-24T10:16:59,THUND1,2024-02-16T05:10:29
STRUCTURE63ee61eee033436fb470fbfba85b905c,0101000000FC6F8C67C7235AC090BBBC31EB374940,PED:JTPED:C212405,JOINT SPC TRF PED,IPL,,,REGNSK,,REGNSK45,SASKPOWER,,no ap in martens,UNK,,,,"UNK, REGNSK",,,CHENR1,2022-04-08T07:39:08
STRUCTURE7478fad20bce46e581fe4db8c4f1981c,01010000000028D9F97D235AC0701D8DF7EE374940,PED:JSPED:C213208,JOINT STANDARD PED,IPL,,,REGNSK,,REGNSK45,SASKPOWER,,,R 2014 BRAUN BAY E,,,,"R 2014 BRAUN BAY E, REGNSK",,,CHENR1,2022-04-08T07:38:31
STRUCTURE9bdd0cd7103749cdb833b170c24a49a4,0101000000B0D678323D235AC0C8D6C79E58384940,PED:JSPED:C213649,JOINT STANDARD PED,IPL,,,REGNSK,,REGNSK45,SASKPOWER,,,R 2311 E ARENS RD,,,,"R 2311 E ARENS RD, REGNSK",,,CHENR1,2022-04-08T07:40:39
STRUCTUREEBE94B8621424EE6966F48135E873F21,0101000000A086761B82235AC0A80F5A05AD374940,PED:SST::7814874,COMPANY STEEL STAKE,IPL,,LACC_ATRENCH_F,REGNSK,,REGNSK45,SASKTEL,2014,LENGTH=DEPTH,UNK,966229,100791,,"UNK, REGNSK",,,CHENR1,2022-04-08T07:41:18
STRUCTURE3c11d26aa20e4839a7b3ba5cd71dc387,01010000009C0E551288235AC0304B90EB88374940,PED:JTPED:C216952,JOINT SPC TRF PED,IPL,,,REGNSK,,REGNSK45,SASKPOWER,,,UNK,,,,"UNK, REGNSK",,,CHENR1,2022-04-08T07:38:29
STRUCTURE64dc90dff849447fbfef2e4617d3bdac,01010000007431006634235AC018192D7215384940,PED:JSPED:C186164,JOINT STANDARD PED,IPL,,,REGNSK,,REGNSK45,SASKPOWER,,,R 2315 BRODIE BAY E,,,,"R 2315 BRODIE BAY E, REGNSK",,,CHENR1,2022-04-08T07:38:21
STRUCTURE6753a062d624442380a2a061b4879777,010100000018704FBD59235AC0A8F19C11CB374940,PED:JLAPD:C216895,JOINT LARGE PED,IPL,,,REGNSK,,REGNSK45,SASKPOWER,,,UNK,,,,"UNK, REGNSK",,,CHENR1,2022-04-08T07:41:24
STRUCTUREd2f6599399eb473eae2c969d86feb90b,01010000002C997E1743235AC0B864D5BA29384940,PED:JSPED:C213448,JOINT STANDARD PED,IPL,,,REGNSK,,REGNSK45,SASKPOWER,,,R 2210 WAGMAN DR E,,,,"R 2210 WAGMAN DR E, REGNSK",,,CHENR1,2022-04-08T07:37:14
STRUCTUREf86e0d5f16524d48ae846df4615c454a,0101000000549116D649235AC0185552A3E7374940,PED:JLAPD:C211580,JOINT LARGE PED,IPL,,,REGNSK,,REGNSK45,SASKPOWER,,,R 2202 ELDERKIN DR E,,,,"R 2202 ELDERKIN DR E, REGNSK",,,CHENR1,2022-04-08T07:40:32
STRUCTURE61d92730fd1e428f973f326ba9e7bf26,010100000004D57D3544235AC0B8EE7B7BE7374940,PED:JSPED:C212333,JOINT STANDARD PED,IPL,,,REGNSK,,REGNSK45,SASKPOWER,,,R 2614 THORNICROFT B,,,,"R 2614 THORNICROFT B, REGNSK",,,CHENR1,2022-04-08T07:38:27
STRUCTURE0BF76121B540400CAC40B5D13CBCC7D4,010100000014D3988580235AC0D000A8C6B1374940,PED:JUPED::7736475,JOINT TRF PED,IPL,,,REGNSK,,REGNSK45,SASKPOWER,2014,,UNK,974687,,,"UNK, REGNSK",,,THUND1,2022-07-21T03:50:45
STRUCTUREaeb78c5f1057439481fde89d4a6e1618,010100000024370EE5D9235AC0F8EB4B2CEC374940,PED:JSPED:C210005,JOINT STANDARD PED,IPL,,,REGNSK,,REGNSK45,SASKPOWER,,,R 2642 KLIMAN CRES,,,,"R 2642 KLIMAN CRES, REGNSK",,,CHENR1,2022-04-08T07:38:22
STRUCTURE6abc53cba12b498499433bd35955d740,01010000004834D46AA0235AC0382C6822B8374940,PED:JSPED:C216178,JOINT STANDARD PED,IPL,,,REGNSK,,REGNSK45,SASKPOWER,,,R 2762 KLIMAN CRES,,,,"R 2762 KLIMAN CRES, REGNSK",,,CHENR1,2022-04-08T07:37:14
STRUCTUREf52b8fd144d94cc5a7f8a7196cb56f08,010100000048B46A2BC4235AC0D80C0F85C2374940,PED:JSPED:C216124,JOINT STANDARD PED,IPL,,,REGNSK,,REGNSK45,SASKPOWER,,,R 2726 KLIMAN CRES,,,,"R 2726 KLIMAN CRES, REGNSK",,,CHENR1,2022-04-08T07:40:35
STRUCTURE9872e4b5d90e4a8daaca68df940d85eb,01010000008C1B83F0B6235AC00098B35DF2374940,PED:JSPED:C213162,JOINT STANDARD PED,IPL,,,REGNSK,,REGNSK45,SASKPOWER,,,R 1743 BLAIR BAY E,,,,"R 1743 BLAIR BAY E, REGNSK",,,CHENR1,2022-04-08T07:39:15
STRUCTURE25ed16ef1580451c8de6b427883adecf,01010000002CE6403FCE235AC088356C330C384940,PED:JTPED:C212252,JOINT SPC TRF PED,IPL,,,REGNSK,,REGNSK45,SASKPOWER,,no ap in martens,UNK,,,,"UNK, REGNSK",,,CHENR1,2022-04-08T07:39:17
STRUCTURE5e88729c19284f33a1b5b1857c800be1,0101000000D449209F9C235AC0885FCF49C2374940,PED:JSPED:C216182,JOINT STANDARD PED,IPL,,,REGNSK,,REGNSK45,SASKPOWER,,,R 2770 KLIMAN CRES,,,,"R 2770 KLIMAN CRES, REGNSK",,,CHENR1,2022-04-08T07:38:24
STRUCTURE48ef96fe7a594c79b79e401766b1860c,0101000000E48B6F886E235AC06081437028384940,PED:JSPED:C213415,JOINT STANDARD PED,IPL,,,REGNSK,,REGNSK45,SASKPOWER,,,R 2015 WAGMAN DR E,,,,"R 2015 WAGMAN DR E, REGNSK",,,CHENR1,2022-04-08T07:37:11
STRUCTURE5d36ab4885de4584adfeec4891fa221c,010100000074C10D1C43235AC0A8C860B3C6374940,PED:JSPED:C217312,JOINT STANDARD PED,IPL,,,REGNSK,,REGNSK45,SASKPOWER,,,R 2222 ELDERKIN DR E,,,,"R 2222 ELDERKIN DR E, REGNSK",,,CHENR1,2022-04-08T07:40:33
STRUCTURE342a5532927547139a2f0fa99fd09015,010100000010CDB880A2235AC088D74D7AF6374940,PED:SST:C213102,COMPANY STEEL STAKE,IPL,,LACC_ATRENCH_C,REGNSK,,REGNSK45,SASKTEL,,LENGTH=DEPTH,R 2622 EHMAN BAY,,100783,,"R 2622 EHMAN BAY, REGNSK",,,CHENR1,2022-04-08T07:39:17
STRUCTURE5fef8c02cea3489286879654d2c9419b,010100000030271B4EDA235AC08059FA6DDB374940,PED:JSPED:C209997,JOINT STANDARD PED,IPL,,,REGNSK,,REGNSK45,SASKPOWER,,,R 2650 KLIMAN CRES,,,,"R 2650 KLIMAN CRES, REGNSK",,,CHENR1,2022-04-08T07:38:27
STRUCTUREb135b0aa74094b0e993ac4ce7ae9d487,010100000090065B454F235AC0B0B88827EF374940,PED:JSPED:C211589,JOINT STANDARD PED,IPL,,,REGNSK,,REGNSK45,SASKPOWER,,,R 2118 ELDERKIN DR E,,,,"R 2118 ELDERKIN DR E, REGNSK",,,CHENR1,2022-04-08T07:38:18
STRUCTURE526388077aeb4177a86a8910e6e4aea5,0101000000AC973C2490235AC0B81B59732C384940,PED:JSPED:C210077,JOINT STANDARD PED,IPL,,,REGNSK,,REGNSK45,SASKPOWER,,,R 2547 STURBY PLACE,,,,"R 2547 STURBY PLACE, REGNSK",,,CHENR1,2022-04-08T07:40:36
STRUCTURE243a16fcb880464e9abaa5ae6ec41ff2,0101000000A82688BAAF235AC080CA809FF0374940,PED:JSPED:C213159,JOINT STANDARD PED,IPL,,,REGNSK,,REGNSK45,SASKPOWER,,,R 1726 E TRUESDALE,,,,"R 1726 E TRUESDALE, REGNSK",,,CHENR1,2022-04-08T07:41:25
STRUCTURE4e9568e5b7cf4d92affe0e2b7b5fa7ef,0101000000FC6F0E9FA0235AC0882A0FB4FD374940,PED:JSPED:C213119,JOINT STANDARD PED,IPL,,,REGNSK,,REGNSK45,SASKPOWER,,,UNK,,,,"UNK, REGNSK",,,CHENR1,2022-04-08T07:40:33
STRUCTURE0e323655375a4e7b8e8ea0fe739dc30a,0101000000E0E5CA4FB3235AC0C09179E4CF374940,PED:JSPED:C216212,JOINT STANDARD PED,IPL,,,REGNSK,,REGNSK45,SASKPOWER,,,R 2727 KLIMAN CRES,,,,"R 2727 KLIMAN CRES, REGNSK",,,CHENR1,2022-04-08T07:39:28
STRUCTURE22dc0d463761459ba7e7142b8720adbc,010100000044DD2A2F29235AC0A04D9BFF04384940,PED:JSPED:C186073,JOINT STANDARD PED,IPL,,,REGNSK,,REGNSK45,SASKPOWER,,,R 2331 BRODIE BAY E,,,,"R 2331 BRODIE BAY E, REGNSK",,,CHENR1,2022-04-08T07:40:28
STRUCTURE7311d7dd463e47ada1535a0bc85a4af2,0101000000FC76748435235AC0600B206D3D384940,PED:JSPED:C214999,JOINT STANDARD PED,IPL,,,REGNSK,,REGNSK45,SASKPOWER,,,R 2206 NEWIS BAY E,,,,"R 2206 NEWIS BAY E, REGNSK",,,CHENR1,2022-04-08T07:39:25
STRUCTURE631cfc17f76647dfa93705bb8a3022df,0101000000A8C7CCF1C9235AC0E07DB70EC8374940,PED:JSPED:C216121,JOINT STANDARD PED,IPL,,,REGNSK,,REGNSK45,SASKPOWER,,,R 2718 KLIMAN CRES,,,,"R 2718 KLIMAN CRES, REGNSK",,,CHENR1,2022-04-08T07:38:20
STRUCTURE6a8a38800bfe44d1a15b42e6559ab799,0101000000D8F92669D8235AC0586EAFC028384940,PED:JTPED:C209466,JOINT SPC TRF PED,IPL,,,REGNSK,,REGNSK45,SASKPOWER,,NO AP IN MARTENS,UNK,,,,"UNK, REGNSK",,,CHENR1,2022-04-08T07:39:29
STRUCTURE7d4ee003b4ae4007b406e85af67070c9,01010000003C979C1FAE235AC0A8661D9528384940,PED:JTPED:C209462,JOINT SPC TRF PED,IPL,,,REGNSK,,REGNSK45,SASKPOWER,,,UNK,,,,"UNK, REGNSK",,,CHENR1,2022-04-08T07:40:30
STRUCTUREf3559f04aafd4d6c9c7f1116d89e674f,0101000000A876C70E7C235AC0A88707B8D3374940,PED:JSPED:C213061,JOINT STANDARD PED,IPL,,,REGNSK,,REGNSK45,SASKPOWER,,,R 2006 E TRUESDALE,,,,"R 2006 E TRUESDALE, REGNSK",,,CHENR1,2022-04-08T07:38:20
STRUCTURE697d2f000a4242b3ac83e87306e2217d,0101000000E88B26459B235AC0B04FA377C7374940,PED:JSPED:C216187,JOINT STANDARD PED,IPL,,,REGNSK,,REGNSK45,SASKPOWER,,,R 2778 KLIMAN CRES,,,,"R 2778 KLIMAN CRES, REGNSK",,,CHENR1,2022-04-08T07:38:28
STRUCTURE77ce77c2a09a419eb554471e1fdddab9,0101000000246AF05ED8235AC07823DD502A384940,PED:JSPED:C209271,JOINT STANDARD PED,IPL,,,REGNSK,,REGNSK45,SASKPOWER,,,R 1626 HANNON BAY E,,,,"R 1626 HANNON BAY E, REGNSK",,,CHENR1,2022-04-08T07:41:27
STRUCTUREbdea84bf5b4d4fe482b8dd5b4e942f03,0101000000F4A8ED966C235AC0E0195A288F374940,PED:JTPED:C217194,JOINT SPC TRF PED,IPL,,,REGNSK,,REGNSK45,SASKPOWER,,,UNK,,,,"UNK, REGNSK",,,CHENR1,2022-04-08T07:41:26
STRUCTURE098fa31b4fcc4b729187d570246aa16f,0101000000FC7E315B92235AC01845B37812384940,PED:JSPED:C210112,JOINT STANDARD PED,IPL,,,REGNSK,,REGNSK45,SASKPOWER,,,R 2527 STURBY PLACE,,,,"R 2527 STURBY PLACE, REGNSK",,,CHENR1,2022-04-08T07:38:14
STRUCTURE73199876d99944a08c0fdfffe09e74d0,010100000034EDF7FE45235AC0103DA7C8BD374940,PED:JSPED:C217304,JOINT STANDARD PED,IPL,,,REGNSK,,REGNSK45,SASKPOWER,,,R 2230 ELDERKIN DR E,,,,"R 2230 ELDERKIN DR E, REGNSK",,,CHENR1,2022-04-08T07:39:15
STRUCTURE5a2d20c573bd480aa20fe4bf8d59f7de,0101000000E8CCF195B6235AC0A0AF50730B384940,PED:JSPED:C209920,JOINT STANDARD PED,IPL,,,REGNSK,,REGNSK45,SASKPOWER,,,R 1707 BLAIR BAY E,,,,"R 1707 BLAIR BAY E, REGNSK",,,CHENR1,2022-04-08T07:38:14
STRUCTURE63599b9261f24791970711c757ae4ed7,01010000001CD68B0960235AC00837FB6BC8374940,PED:JSPED:C216885,JOINT STANDARD PED,IPL,,,REGNSK,,REGNSK45,SASKPOWER,,NO AP IN MARTENS,UNK,,,,"UNK, REGNSK",,,CHENR1,2022-04-08T07:41:25
STRUCTURE88ed130447f34e69a64c65c715989da3,01010000005425088C92235AC0D89C43B9F7374940,PED:SST:C213225,COMPANY STEEL STAKE,IPL,,LACC_ATRENCH_C,REGNSK,,REGNSK45,SASKTEL,,LENGTH=DEPTH,R 2626 EHMAN BAY,,100783,,"R 2626 EHMAN BAY, REGNSK",,,CHENR1,2022-04-08T07:41:28
STRUCTURE6e23524d7678454183ddb82d3842ada9,0101000000707C29465A235AC03067D136DC374940,PED:JTPED:C211543,JOINT SPC TRF PED,IPL,,,REGNSK,,REGNSK45,SASKPOWER,,,UNK,,,,"UNK, REGNSK",,,CHENR1,2022-04-08T07:40:36
STRUCTURE0c9c959bb92745ebb5070190d1dad883,010100000094DBDCE965235AC068A649D0AF374940,PED:JTPED:C216953,JOINT SPC TRF PED,IPL,,,REGNSK,,REGNSK45,SASKPOWER,,,UNK,,,,"UNK, REGNSK",,,CHENR1,2022-04-08T07:40:40
STRUCTUREd6e69e5afe9f4d19a1d1e01d3486450e,0101000000F82C258454235AC0B87695673E384940,PED:JSPED:C213424,JOINT STANDARD PED,IPL,,,REGNSK,,REGNSK45,SASKPOWER,,,UNK,,,,"UNK, REGNSK",,,CHENR1,2022-04-08T07:40:26
STRUCTUREd683b19828c546c08ec221bcc8144f4c,010100000034F407E4C1235AC0B8A7E553BC374940,PED:SST:C213926,COMPANY STEEL STAKE,IPL,,LACC_ATRENCH_C,REGNSK,,REGNSK45,SASKTEL,,LENGTH=DEPTH,UNK,,100791,,"UNK, REGNSK",,,CHENR1,2022-04-08T07:33:16
STRUCTURE1b6b83422e4e491e8db57ae6531c77db,0101000000B4B52575B9235AC018C34DC7D5374940,PED:JSPED:C212368,JOINT STANDARD PED,IPL,,,REGNSK,,REGNSK45,SASKPOWER,,,R 2719 KLIMAN CRES,,,,"R 2719 KLIMAN CRES, REGNSK",,,CHENR1,2022-04-08T07:39:11
STRUCTURE22118558ed78450b96d9c9ac2070ed5b,01010000005C4053A271235AC0C8A7073F10384940,PED:JSPED:C211781,JOINT STANDARD PED,IPL,,,REGNSK,,REGNSK45,SASKPOWER,,,R 2031 STYLES CRES E,,,,"R 2031 STYLES CRES E, REGNSK",,,CHENR1,2022-04-08T07:41:20
STRUCTUREb020815d7f314e50ae892dc938437cfd,0101000000EC01FC4B99235AC0182B37ACC4374940,PED:JTPED:C216293,JOINT SPC TRF PED,IPL,,,REGNSK,,REGNSK45,SASKPOWER,,,UNK,,,,"UNK, REGNSK",,,CHENR1,2022-04-08T07:39:17
STRUCTURE25a99a0f5b08472a85ade3ca0035b83f,010100000080945936B3235AC0501378F22C384940,PED:JSPED:C209659,JOINT STANDARD PED,IPL,,,REGNSK,,REGNSK45,SASKPOWER,,,R 1602 E TRUESDALE,,,,"R 1602 E TRUESDALE, REGNSK",,,CHENR1,2022-04-08T07:39:21
STRUCTURE226d338ef7a84ff192e8402e60d13f5f,010100000074E8F97575235AC08886A14F10384940,PED:JTPED:C211868,JOINT SPC TRF PED,IPL,,,REGNSK,,REGNSK45,SASKPOWER,,,UNK,,,,"UNK, REGNSK",,,CHENR1,2022-04-08T07:39:18
STRUCTUREe8ed62f5e60f436881291ccd90919fc5,0101000000443F64DB53235AC0D89F49D756384940,PED:JSPED:C213550,JOINT STANDARD PED,IPL,,,REGNSK,,REGNSK45,SASKPOWER,,,R 2226 NEWIS BAY E,,,,"R 2226 NEWIS BAY E, REGNSK",,,CHENR1,2022-04-08T07:38:31
STRUCTURE6b10d1abb6b24168894c0ff51529c533,0101000000AC8D69874E235AC00885D66A9F374940,PED:JSPED:C217032,JOINT STANDARD PED,IPL,,,REGNSK,,REGNSK45,SASKPOWER,,,R 2131 CUNNING CRES,,,,"R 2131 CUNNING CRES, REGNSK",,,CHENR1,2022-04-08T07:39:19
STRUCTUREc87ed074d11148ea91a4155332160189,0101000000FC699E8163235AC01042417528384940,PED:JTPED:C224333,JOINT SPC TRF PED,IPL,,,REGNSK,,REGNSK45,SASKPOWER,,,UNK,,,,"UNK, REGNSK",,,CHENR1,2022-04-08T07:40:26
STRUCTURE78cdac5d607f482ab980a719ee21d633,0101000000404B5C6967235AC058AD038FCB374940,PED:JSPED:C216878,JOINT STANDARD PED,IPL,,,REGNSK,,REGNSK45,SASKPOWER,,NO AP IN MARTENS,UNK,,,,"UNK, REGNSK",,,CHENR1,2022-04-08T07:41:23
STRUCTURE629f8e4d397f49e5997531d18394bd51,01010000008456E0915C235AC088A53AB725384940,PED:JSPED:C211996,JOINT STANDARD PED,IPL,,,REGNSK,,REGNSK45,SASKPOWER,,,R 2119 WAGMAN DR E,,,,"R 2119 WAGMAN DR E, REGNSK",,,CHENR1,2022-04-08T07:41:24
STRUCTURE87a93d9a91c946daaeb39f00c56a81d0,0101000000745F6F4452235AC0484F06BE17384940,PED:JSPED:C207601,JOINT STANDARD PED,IPL,,,REGNSK,,REGNSK45,SASKPOWER,,,UNK,,,,"UNK, REGNSK",,,CHENR1,2022-04-08T08:22:28
STRUCTUREfa0bca57ea5c424092b6b6b0749a641e,0101000000A0C3CFC1AB235AC000A352F9D2374940,PED:JSPED:C216249,JOINT STANDARD PED,IPL,,,REGNSK,,REGNSK45,SASKPOWER,,,R 2775 KLIMAN CRES,,,,"R 2775 KLIMAN CRES, REGNSK",,,CHENR1,2022-04-08T07:40:27
STRUCTUREf4c0b766ffee457b969a8b1d7e4d4f7d,01010000002078CC0B53235AC008BD8DF3D5374940,PED:JSPED:C224727,JOINT STANDARD PED,IPL,,,REGNSK,,REGNSK45,SASKPOWER,,,R 2119 ELDERKIN DR E,,,,"R 2119 ELDERKIN DR E, REGNSK",,,CHENR1,2022-04-08T07:39:11
STRUCTURE96EAAA153DA74A0DABE7AFD9B297E82B,010100000024F47913A3235AC048B1818614384940,PED:SST::10261017,COMPANY STEEL STAKE,IPL,,LACC_ATRENCH_F,REGNSK,,REGNSK45,SASKTEL,2020,LENGTH=DEPTH,,996623,100791,,", REGNSK",WIESJ3,2018-12-19T14:11:44,RAVAG1,2023-11-02T20:49:29
STRUCTURE8e16a50922e843a9b0ce89a2d247b398,0101000000001BBE22AB235AC018B4B5FDEC374940,PED:JSPED:C213153,JOINT STANDARD PED,IPL,,,REGNSK,,REGNSK45,SASKPOWER,,,R 1806 E TRUESDALE,,,,"R 1806 E TRUESDALE, REGNSK",,,CHENR1,2022-04-08T07:41:28
STRUCTURE98fc24806d58441eb5e60f577522937e,010100000044796C1FA0235AC000BFA26F13384940,PED:JSPED:C210119,JOINT STANDARD PED,IPL,,,REGNSK,,REGNSK45,SASKPOWER,,,R 2523 STURBY PLACE,,,,"R 2523 STURBY PLACE, REGNSK",,,CHENR1,2022-04-08T07:39:29
STRUCTUREa5057dde1727464eb8155d84c2d8aaa2,010100000028D75AE674235AC000A57432B6374940,PED:JSPED:C216978,JOINT STANDARD PED,IPL,,,REGNSK,,REGNSK45,SASKPOWER,,,R 2006 CUNNING CRES,,,,"R 2006 CUNNING CRES, REGNSK",,,CHENR1,2022-04-08T07:37:11
STRUCTURE0C822FDCD7C64DC3A52A2BCD4C643CEB,01010000000CA380EA48235AC0B0D4F2F1B3374940,PED:SST::10260691,COMPANY STEEL STAKE,IPL,,LACC_ATRENCH_F,REGNSK,,REGNSK45,SASKTEL,2020,LENGTH=DEPTH,,996623,100791,,", REGNSK",WIESJ3,2018-12-19T12:13:19,RAVAG1,2023-11-02T20:49:29
STRUCTUREd460fe88897b401b99a37321265252ee,01010000004CBF4E2E29235AC0783E18F2F4374940,PED:JSPED:C186086,JOINT STANDARD PED,IPL,,,REGNSK,,REGNSK45,SASKPOWER,,,R 2634 THORNICROFT B,,,,"R 2634 THORNICROFT B, REGNSK",,,CHENR1,2022-04-08T07:39:29
STRUCTURE35eb182bf1614bc5b0d222216ed3e1bc,010100000034168B14C7235AC000A28DB4F8374940,PED:JSPED:C212264,JOINT STANDARD PED,IPL,,,REGNSK,,REGNSK45,SASKPOWER,,,R 2631 KLIMAN CRES,,,,"R 2631 KLIMAN CRES, REGNSK",,,CHENR1,2022-04-08T07:38:24
STRUCTURE96325c91be464abc99ce218699168781,01010000006C20F0CF4B235AC0C0A400D7A9374940,PED:JSPED:C217038,JOINT STANDARD PED,IPL,,,REGNSK,,REGNSK45,SASKPOWER,,,R 2139 CUNNING CRES,,,,"R 2139 CUNNING CRES, REGNSK",,,CHENR1,2022-04-08T07:41:20
STRUCTURE6621e1b1265046fb85d354908f5afb80,01010000004826002F8E235AC0A0E67860DB374940,PED:JTPED:C213071,JOINT SPC TRF PED,IPL,,,REGNSK,,REGNSK45,SASKPOWER,,no ap in martens,UNK,,,,"UNK, REGNSK",,,CHENR1,2022-04-08T07:39:26
STRUCTUREF669A3BA231D45BEB1F47B5DAEDDA77F,010100000090190C0182235AC0D88C087081374940,PED:SST::10797644,COMPANY STEEL STAKE,IPL,,LACC_ATRENCH_F,REGNSK,,REGNSK45,SASKTEL,2020,LENGTH=DEPTH,,996623,100791,,", REGNSK",WIESJ3,2020-02-24T10:29:28,THUND1,2022-06-17T04:46:48
STRUCTUREafb7222f51e542d2ac7701b5373198fe,01010000009C87297D80235AC00803BC9084374940,PED:SST:C216965,COMPANY STEEL STAKE,IPL,,LACC_ATRENCH_C,REGNSK,,REGNSK45,SASKTEL,,NO AP IN MARTENS,UNK,,101057,,"UNK, REGNSK",,,THUND1,2022-06-20T03:26:19
STRUCTURE34a5ed035491409eb52f7fa5c85c8763,0101000000F4B7F4FDAE235AC0382A38750B384940,PED:JSPED:C209909,JOINT STANDARD PED,IPL,,,REGNSK,,REGNSK45,SASKPOWER,,,R 1715 BLAIR BAY E,,,,"R 1715 BLAIR BAY E, REGNSK",,,CHENR1,2022-04-08T07:37:19
STRUCTUREfe39f71875154816a3fcf407ccb42a63,0101000000900C781AC2235AC0A0C757BE0B384940,PED:JSPED:C212156,JOINT STANDARD PED,IPL,,,REGNSK,,REGNSK45,SASKPOWER,,,R 2604 KLIMAN CRES,,,,"R 2604 KLIMAN CRES, REGNSK",,,CHENR1,2022-04-08T07:39:17
STRUCTURE7ba8940bd62f4a2db3258cb9e5ff593d,01010000004072FB7DB0235AC048E0382BCD374940,PED:JTPED:C216232,JOINT SPC TRF PED,IPL,,,REGNSK,,REGNSK45,SASKPOWER,,no ap in martens,UNK,,,,"UNK, REGNSK",,,CHENR1,2022-04-08T07:40:26
STRUCTURE3A51665994654C1BAA7090B72CF2B627,010100000080DC40DF28235AC0B030C6F2F4374940,PED:SST::10260690,COMPANY STEEL STAKE,IPL,,LACC_ATRENCH_F,REGNSK,,REGNSK45,SASKTEL,2020,LENGTH=DEPTH,,996623,100791,,", REGNSK",WIESJ3,2018-12-19T12:02:39,RAVAG1,2023-11-02T20:49:18
STRUCTURE94837eeb4d41479ab00c49dcb8a665ef,01010000005CC9B655AE235AC058B90321CB374940,PED:JSPED:C216236,JOINT STANDARD PED,IPL,,,REGNSK,,REGNSK45,SASKPOWER,,,R 2735 KLIMAN CRES,,,,"R 2735 KLIMAN CRES, REGNSK",,,CHENR1,2022-04-08T07:40:27
STRUCTURE64768ff841a14a13917829d105d59bdb,010100000000E03FE058235AC0901B16C1C4374940,PED:JSPED:C216914,JOINT STANDARD PED,IPL,,,REGNSK,,REGNSK45,SASKPOWER,,,R 2122 E TRUESDALE,,,,"R 2122 E TRUESDALE, REGNSK",,,CHENR1,2022-04-08T07:38:28
STRUCTURE688ce3e0c73949a59162dc127a3b17a3,0101000000688130FCCF235AC0886163D8CD374940,PED:JSPED:C216100,JOINT STANDARD PED,IPL,,,REGNSK,,REGNSK45,SASKPOWER,,,R 2710 KLIMAN CRES,,,,"R 2710 KLIMAN CRES, REGNSK",,,CHENR1,2022-04-08T07:39:28
STRUCTUREfc584472fbb34705b04032c1c54d070d,01010000006CB8362433235AC098150760DB374940,PED:JSPED:C186104,JOINT STANDARD PED,IPL,,,REGNSK,,REGNSK45,SASKPOWER,,,R 2646 THORNICROFT B,,,,"R 2646 THORNICROFT B, REGNSK",,,CHENR1,2022-04-08T07:39:24
STRUCTUREcbd5a104d3474cab9235ecd9ff659804,0101000000A8BB30D42C235AC0B83C94DD56384940,PED:SST:C165827,COMPANY STEEL STAKE,IPL,,LACC_ATRENCH_C,REGNSK,,REGNSK45,SASKTEL,,LENGTH=DEPTH,UNK,,100783,,"UNK, REGNSK",,,CHENR1,2022-04-08T07:39:15
STRUCTURE53a94dfa1b4c4f7fbbd91dfccf84b056,0101000000E857D5F3D7235AC068498C7AD5374940,PED:JSPED:C209976,JOINT STANDARD PED,IPL,,,REGNSK,,REGNSK45,SASKPOWER,,,R 2702 KLIMAN CRES,,,,"R 2702 KLIMAN CRES, REGNSK",,,CHENR1,2022-04-08T07:38:15
STRUCTURE34ba84d12f464783bbda5ea029109db2,010100000004F9019143235AC0F856F85B04384940,PED:JSPED:C214266,JOINT STANDARD PED,IPL,,,REGNSK,,REGNSK45,SASKPOWER,,,R 2355 BRODIE BAY E,,,,"R 2355 BRODIE BAY E, REGNSK",,,CHENR1,2022-04-08T07:37:17
STRUCTUREc17284d851cf4a1395358fc70e7a2b83,010100000074C04C46BB235AC0F8069AFAB9374940,PED:JSPED:C216135,JOINT STANDARD PED,IPL,,,REGNSK,,REGNSK45,SASKPOWER,,,R 2742 KLIMAN CRES,,,,"R 2742 KLIMAN CRES, REGNSK",,,CHENR1,2022-04-08T07:39:27
STRUCTURE22ac9a5c38b94abbb46a8f49795b67dc,010100000068730B793E235AC02033AB3FCE374940,PED:JSPED:C217318,JOINT STANDARD PED,IPL,,,REGNSK,,REGNSK45,SASKPOWER,,NO AP IN MARTENS,R 2662 THORNICROFT B,,,,"R 2662 THORNICROFT B, REGNSK",,,CHENR1,2022-04-08T07:40:37
STRUCTUREe0cd56d60d484162ab54a40f3ea019e4,0101000000C85244B6AE235AC05832A19828384940,PED:JSPED:C209410,JOINT STANDARD PED,IPL,,,REGNSK,,REGNSK45,SASKPOWER,,,R 1803 WAGMAN DR E,,,,"R 1803 WAGMAN DR E, REGNSK",,,CHENR1,2022-04-08T07:38:18
STRUCTUREac4ba43524d0439f85cef051c3c631df,010100000040E931E849235AC008FB54BAE0374940,PED:JSPED:C211558,JOINT STANDARD PED,IPL,,,REGNSK,,REGNSK45,SASKPOWER,,,R 2606 THORNICROFT B,,,,"R 2606 THORNICROFT B, REGNSK",,,CHENR1,2022-04-08T07:39:22
STRUCTURE4f3c3d5776e241a18c3740eb49ee3f11,0101000000B8EEE7F375235AC048E2BD8EEB374940,PED:JSPED:C212970,JOINT STANDARD PED,IPL,,,REGNSK,,REGNSK45,SASKPOWER,,,R 2002 BRAUN BAY E,,,,"R 2002 BRAUN BAY E, REGNSK",,,CHENR1,2022-04-08T07:40:35
STRUCTUREdcad28ca417e46ac8499d7894c507c2a,010100000018F5EF7E45235AC030BED7994D384940,PED:JSPED:C213594,JOINT STANDARD PED,IPL,,,REGNSK,,REGNSK45,SASKPOWER,,,R 2406 LEXIER PLACE,,,,"R 2406 LEXIER PLACE, REGNSK",,,CHENR1,2022-04-08T07:40:36
STRUCTURE4eac993b82aa44539879afa3a79e94a4,0101000000D0AC50CA42235AC0103C769E58384940,PED:JSPED:C213652,JOINT STANDARD PED,IPL,,,REGNSK,,REGNSK45,SASKPOWER,,,R 2303 E ARENS RD,,,,"R 2303 E ARENS RD, REGNSK",,,CHENR1,2022-04-08T07:38:29
STRUCTUREe2e12b75d8b340e59eb2e0f99410c339,0101000000BCAD683160235AC0F0FC605507384940,PED:SST:C211713,COMPANY STEEL STAKE,IPL,,LACC_ATRENCH_C,REGNSK,,REGNSK45,SASKTEL,,LENGTH=DEPTH,UNK,,100783,,"UNK, REGNSK",,,CHENR1,2022-04-08T07:40:22
STRUCTUREF6093638E16742778E98211CA46A4172,0101000000F8C2BEAC8F235AC05807FE2C20384940,PED:SST::10261642,COMPANY STEEL STAKE,IPL,,LACC_ATRENCH_F,REGNSK,,REGNSK45,SASKTEL,2020,LENGTH=DEPTH,,996623,100791,,", REGNSK",WIESJ3,2018-12-19T14:12:37,RAVAG1,2023-11-02T20:49:30
STRUCTUREaeb7dfd5b4fb4dd58f32f5171062a669,0101000000E8050C8393235AC0283DB361E3374940,PED:JLAPD:C223003,JOINT LARGE PED,IPL,,,REGNSK,,REGNSK45,SASKPOWER,,,R 2030 BRAUN BAY E,,,,"R 2030 BRAUN BAY E, REGNSK",,,CHENR1,2022-04-08T07:39:18
STRUCTUREddca43278c76496ea1f1d54f00c06c86,01010000004C6A81A030235AC008B6FFD856384940,PED:JTPED:C165835,JOINT SPC TRF PED,IPL,,,REGNSK,,REGNSK45,SASKPOWER,,,UNK,,,,"UNK, REGNSK",,,CHENR1,2022-04-08T07:38:16
STRUCTURE730a1c792edd45c7aa6d57b11ddae8f6,01010000007CABEFA8A3235AC0387D23780B384940,PED:JSPED:C209815,JOINT STANDARD PED,IPL,,,REGNSK,,REGNSK45,SASKPOWER,,,R 1719 BLAIR BAY E,,,,"R 1719 BLAIR BAY E, REGNSK",,,CHENR1,2022-04-08T07:38:30
STRUCTURE7C4958C8DE6545F9AEF94540891BD4ED,0101000000FC322C0759235AC028BD308546384940,PED:SST::10261009,COMPANY STEEL STAKE,IPL,,LACC_ATRENCH_F,REGNSK,,REGNSK45,SASKTEL,2020,,,996623,127035,,", REGNSK",WIESJ3,2018-12-19T13:43:02,THUND1,2025-03-17T05:02:21
STRUCTURE8B32EC592BF349EE9D32E8986266F475,010100000064AACDF080235AC02803CB749C374940,PED:SST::10799258,COMPANY STEEL STAKE,IPL,,LACC_ATRENCH_F,REGNSK,,REGNSK45,SASKTEL,2020,LENGTH=DEPTH,,996623,100791,,", REGNSK",WIESJ3,2020-02-25T10:40:40,THUND1,2024-02-16T00:16:30
STRUCTUREc9ae5d038e5e47a1a8a747875690a4e9,01010000002453A479C2235AC0D846DED428384940,PED:JSPED:C209386,JOINT STANDARD PED,IPL,,,REGNSK,,REGNSK45,SASKPOWER,,,R 1646 HANNON BAY E,,,,"R 1646 HANNON BAY E, REGNSK",,,CHENR1,2022-04-08T07:38:14
STRUCTURE037d1d77b9c747b0a63afac57cfea3f1,0101000000D04CFFAB91235AC040BF5AE8DC374940,PED:JSPED:C213053,JOINT STANDARD PED,IPL,,,REGNSK,,REGNSK45,SASKPOWER,,,R 1910 E TRUESDALE,,,,"R 1910 E TRUESDALE, REGNSK",,,CHENR1,2022-04-08T07:38:27
STRUCTURE85deb153f76f4d2395b28b50a06cdb51,010100000048BA5E8165235AC0487037B60E384940,PED:JSPED:C211766,JOINT STANDARD PED,IPL,,,REGNSK,,REGNSK45,SASKPOWER,,,R 2111 STYLES CRES E,,,,"R 2111 STYLES CRES E, REGNSK",,,CHENR1,2022-04-08T07:39:24
STRUCTURE59a5923f919e4ec383b419725a7def91,0101000000808248425F235AC048E7A413E3374940,PED:JSPED:C243419,JOINT STANDARD PED,IPL,,,REGNSK,,REGNSK45,SASKPOWER,,,R 2111 ELDERKIN DR E,,,,"R 2111 ELDERKIN DR E, REGNSK",,,CHENR1,2022-04-08T07:39:21
STRUCTURE0b3c3c95bef249c18a8583222a9e1225,01010000001C3836542F235AC0C84DFE750E384940,PED:JSPED:C186065,JOINT STANDARD PED,IPL,,,REGNSK,,REGNSK45,SASKPOWER,,,R 2323 BRODIE BAY E,,,,"R 2323 BRODIE BAY E, REGNSK",,,CHENR1,2022-04-08T07:40:29
STRUCTURE75899e83335b4b59947e8d34186a6483,0101000000407DFDD62F235AC0503C20A358384940,PED:JSPED:C165845,JOINT STANDARD PED,IPL,,,REGNSK,,REGNSK45,SASKPOWER,,,UNK,,,,"UNK, REGNSK",,,CHENR1,2022-04-08T07:34:37
STRUCTUREf5e0b5890f6d44c6a83c22505bc3dc21,01010000003CF5724C54235AC0D0974F0A3E384940,PED:JTPED:C213451,JOINT SPC TRF PED,IPL,,,REGNSK,,REGNSK45,SASKPOWER,,,UNK,,,,"UNK, REGNSK",,,CHENR1,2022-04-08T07:39:13
STRUCTUREE8C334D803B34EE7859EF5C2723603FE,0101000000B43D250D8C235AC0B0E163C9BF374940,PED:SST::12219408,COMPANY STEEL STAKE,IPL,,LACC_ATRENCH_F,REGNSK,,REGNSK45,SASKTEL,2020,LENGTH=DEPTH,,810010,100783,,", REGNSK",LUBIT1,2022-07-15T10:40:07,ENAGV1,2025-03-13T03:11:48
STRUCTUREc2a635d25e43495cb9049ab78e2c12d1,0101000000B83BC8713B235AC068A30C52F9374940,PED:JTPED:C214238,JOINT SPC TRF PED,IPL,,,REGNSK,,REGNSK45,SASKPOWER,,,UNK,,,,"UNK, REGNSK",,,CHENR1,2022-04-08T07:38:30
STRUCTUREa1ea96283f0d4256aac92661b06013d8,01010000007CFA259B78235AC060E4923B10384940,PED:JSPED:C211935,JOINT STANDARD PED,IPL,,,REGNSK,,REGNSK45,SASKPOWER,,,R 2029 STYLES CRES E,,,,"R 2029 STYLES CRES E, REGNSK",,,CHENR1,2022-04-08T07:41:22
STRUCTUREd82d3f37fa11475fbb331c7124776a72,01010000005C38036883235AC020218C6A14384940,PED:JSPED:C211853,JOINT STANDARD PED,IPL,,,REGNSK,,REGNSK45,SASKPOWER,,,R 2023 STYLES CRES E,,,,"R 2023 STYLES CRES E, REGNSK",,,CHENR1,2022-04-08T07:38:15
STRUCTURE2683e69a4fb14bfd84ccd723015fecba,0101000000A4D61E9D8A235AC030E798E7D9374940,PED:JSPED:C213055,JOINT STANDARD PED,IPL,,,REGNSK,,REGNSK45,SASKPOWER,,,R 1918 E TRUESDALE,,,,"R 1918 E TRUESDALE, REGNSK",,,CHENR1,2022-04-08T07:40:40
STRUCTUREc654c32f9c0349c9871ea43e7f597019,0101000000189003FD65235AC0D0CB7692E8374940,PED:JSPED:C211500,JOINT STANDARD PED,IPL,,,REGNSK,,REGNSK45,SASKPOWER,,,R 2103 ELDERKIN DR E,,,,"R 2103 ELDERKIN DR E, REGNSK",,,CHENR1,2022-04-08T07:38:19
STRUCTURE2ea058ff380c434da61a0df5afbfd420,01010000009432400755235AC040E6BE9A58384940,PED:JSPED:C213667,JOINT STANDARD PED,IPL,,,REGNSK,,REGNSK45,SASKPOWER,,,R 2207E ARENS RD,,,,"R 2207E ARENS RD, REGNSK",,,CHENR1,2022-04-08T07:39:12
STRUCTURE9cea802161f24559b69ee68ed5460b7c,01010000002C1F027483235AC0A03D11DDD6374940,PED:JSPED:C213057,JOINT STANDARD PED,IPL,,,REGNSK,,REGNSK45,SASKPOWER,,,R 1926 E TRUESDALE,,,,"R 1926 E TRUESDALE, REGNSK",,,CHENR1,2022-04-08T07:37:20
STRUCTUREf4aeb17954594d76880ca2e32f625e00,01010000000008F78166235AC088CFEC13B0374940,PED:JSPED:C216964,JOINT STANDARD PED,IPL,,,REGNSK,,REGNSK45,SASKPOWER,,,R 2018 CUNNING CRES,,,,"R 2018 CUNNING CRES, REGNSK",,,CHENR1,2022-04-08T07:37:19
STRUCTURE7A3014B6503C43DAB2675D7D61821FDD,0101000000B4ED221C78235AC0008E1AD976374940,PED:SST::10797643,COMPANY STEEL STAKE,IPL,,LACC_ATRENCH_F,REGNSK,,REGNSK45,SASKTEL,2020,LENGTH=DEPTH,,996623,101057,,", REGNSK",WIESJ3,2020-02-24T10:26:46,THUND1,2022-06-14T05:05:42
STRUCTURE8d1997ce95fa457ca8e2587f82e823ba,010100000038A8FFD759235AC018BE01AADB374940,PED:JSPED:C211544,JOINT STANDARD PED,IPL,,,REGNSK,,REGNSK45,SASKPOWER,,,UNK,,,,"UNK, REGNSK",,,CHENR1,2022-04-08T07:40:33
STRUCTUREcf755aed17ed4c60b0fd7d95d37dc20c,0101000000F02C7DF254235AC0D8B933F7F6374940,PED:JSPED:C211618,JOINT STANDARD PED,IPL,,,REGNSK,,REGNSK45,SASKPOWER,,,R 2110 ELDERKIN DR E,,,,"R 2110 ELDERKIN DR E, REGNSK",,,CHENR1,2022-04-08T07:39:17
STRUCTURE7de69d536a0b441bbf298a3f04766af4,01010000006878DDCF47235AC0D009DC52B8374940,PED:JTPED:C222402,JOINT SPC TRF PED,IPL,,,REGNSK,,REGNSK45,SASKPOWER,,,UNK,,,,"UNK, REGNSK",,,CHENR1,2022-04-08T07:39:07
STRUCTURE919ae48b362b4a489a90633dfe8343e0,01010000002C2AFD123E235AC0109B12C7FC374940,PED:JSPED:C214243,JOINT STANDARD PED,IPL,,,REGNSK,,REGNSK45,SASKPOWER,,,R 2347 BRODIE BAY E,,,,"R 2347 BRODIE BAY E, REGNSK",,,CHENR1,2022-04-08T07:41:20
STRUCTUREf66d2d570b524f4393227415194f11ad,010100000068AEEEE676235AC098CF1E7478374940,PED:SST:C216983,COMPANY STEEL STAKE,IPL,,LACC_ATRENCH_C,REGNSK,,REGNSK45,SASKTEL,,NO AP IN MARTENS,UNK,,101057,,"UNK, REGNSK",,,THUND1,2022-06-20T03:26:19
STRUCTUREdbcb72813fd246bea008bd57fad58fbf,0101000000748CE6594D235AC0789EE9D937384940,PED:JSPED:C213438,JOINT STANDARD PED,IPL,,,REGNSK,,REGNSK45,SASKPOWER,,,R 2122 WAGMAN DR E,,,,"R 2122 WAGMAN DR E, REGNSK",,,CHENR1,2022-04-08T07:38:17
STRUCTUREaf057e043c254693b74321f96bc0fe17,0101000000587198D234235AC0B0410EA058384940,PED:JSPED:C213645,JOINT STANDARD PED,IPL,,,REGNSK,,REGNSK45,SASKPOWER,,,R 2319 E ARENS RD,,,,"R 2319 E ARENS RD, REGNSK",,,CHENR1,2022-04-08T07:38:17
STRUCTURE6f06fa724670402db6be41add4dc33ec,0101000000E06ADE1DCB235AC0B069BFD128384940,PED:JSPED:C209372,JOINT STANDARD PED,IPL,,,REGNSK,,REGNSK45,SASKPOWER,,,R 1634 HANNON BAY E,,,,"R 1634 HANNON BAY E, REGNSK",,,CHENR1,2022-04-08T07:41:26
STRUCTUREe7c917f90ad540c9a4566a0889f211b0,010100000024F8A9A1A2235AC0E8D39D732C384940,PED:JSPED:C209428,JOINT STANDARD PED,IPL,,,REGNSK,,REGNSK45,SASKPOWER,,,R 2503 STURBY PLACE,,,,"R 2503 STURBY PLACE, REGNSK",,,CHENR1,2022-04-08T07:39:07
STRUCTUREd22d23a92bfe4ccb864d4a98b160b1c6,010100000004BF2E3F67235AC088AFA97228384940,PED:JSPED:C213407,JOINT STANDARD PED,IPL,,,REGNSK,,REGNSK45,SASKPOWER,,,R 2019 WAGMAN DR E,,,,"R 2019 WAGMAN DR E, REGNSK",,,CHENR1,2022-04-08T07:41:24
STRUCTURE3bf7c0371cab405b99d64438c0fc6af9,01010000004C02D6D5BD235AC028EFA270BC374940,PED:JLAPD:C224128,JOINT LARGE PED,IPL,,,REGNSK,,REGNSK45,SASKPOWER,,,R 2734 KLIMAN CRES,,,,"R 2734 KLIMAN CRES, REGNSK",,,CHENR1,2022-04-08T07:39:27
STRUCTURE97d891791c5e4d33bdecf5fb419f158b,0101000000886488966E235AC008FA409CCE374940,PED:JSPED:C216852,JOINT STANDARD PED,IPL,,,REGNSK,,REGNSK45,SASKPOWER,,NO AP IN MARTENS,UNK,,,,"UNK, REGNSK",,,CHENR1,2022-04-08T07:34:33
STRUCTURE1d36f628f60d48b1b646285be8e03d0d,01010000001811DBC9BF235AC058C3C6DBDB374940,PED:JSPED:C212359,JOINT STANDARD PED,IPL,,,REGNSK,,REGNSK45,SASKPOWER,,,R 2711 KLIMAN CRES,,,,"R 2711 KLIMAN CRES, REGNSK",,,CHENR1,2022-04-08T07:41:24
STRUCTURE612419D2AD2F48209445DFDDB0AF4DDD,0101000000880B61B17D235AC090DADFD4A5374940,PED:SST::7737436,COMPANY STEEL STAKE,IPL,,LACC_ATRENCH_F,REGNSK,,REGNSK45,SASKTEL,2014,,UNK,966229,127035,,"UNK, REGNSK",,,THUND1,2022-06-28T23:31:55
STRUCTUREB52506B19E324DA58BAC17C97E082106,01010000006852E13A6C235AC098F0CAE943384940,PED:JUPED::10589962,JOINT TRF PED,IPL,,,REGNSK,,REGNSK45,SASKPOWER,2019,,,,,,", REGNSK",WIESJ3,2019-08-13T09:17:28,MILLS1,2024-06-14T08:38:48
STRUCTURE25BD36E20B4C48DDA2C25DEE13263730,0101000000B451D20094235AC0384CE0B50F384940,PED:SST::10261015,COMPANY STEEL STAKE,IPL,,LACC_ATRENCH_F,REGNSK,,REGNSK45,SASKTEL,2020,LENGTH=DEPTH,,996623,100791,,", REGNSK",WIESJ3,2018-12-19T14:11:15,RAVAG1,2023-11-02T20:49:21
STRUCTURED8799A4362E442618590E9C217DF1572,0101000000ECE623D5A9235AC010E8189FA8374940,PED:SST::10261651,COMPANY STEEL STAKE,IPL,,LACC_ATRENCH_F,REGNSK,,REGNSK45,SASKTEL,2020,LENGTH=DEPTH,,996623,100791,,", REGNSK",WIESJ3,2018-12-19T15:12:48,RAVAG1,2023-11-02T20:49:20
STRUCTURE9cd14d57ea184555a4bd84e6366fb880,01010000001427C84C85235AC0788F1DD522384940,PED:JSPED:C211860,JOINT STANDARD PED,IPL,,,REGNSK,,REGNSK45,SASKPOWER,,,R 2015 STYLES CRES E,,,,"R 2015 STYLES CRES E, REGNSK",,,CHENR1,2022-04-08T07:39:26
STRUCTUREa92fddcae5b746c5b3f974cf84462929,0101000000686552DB57235AC0F01756D8A9374940,PED:JSPED:C216924,JOINT STANDARD PED,IPL,,,REGNSK,,REGNSK45,SASKPOWER,,,R 2114 CUNNING CRES,,,,"R 2114 CUNNING CRES, REGNSK",,,CHENR1,2022-04-08T07:38:26
STRUCTURE72cc12dae46a415cacd2a167960e2ed9,0101000000E84359F069235AC08853359A8C374940,PED:SST:C217046,COMPANY STEEL STAKE,IPL,,LACC_ATRENCH_C,REGNSK,,REGNSK45,SASKTEL,,NO AP IN MARTENS,UNK,,100783,,"UNK, REGNSK",,,THUND1,2022-06-23T20:49:17
STRUCTUREbd86ef95a91b46679b80388f1a58f8c7,01010000002C6203E248235AC0F8617FA40B384940,PED:JSPED:C214271,JOINT STANDARD PED,IPL,,,REGNSK,,REGNSK45,SASKPOWER,,,R 2363 BRODIE BAY E,,,,"R 2363 BRODIE BAY E, REGNSK",,,CHENR1,2022-04-08T07:37:19
STRUCTURE0312404BB5834BEA88BA88B5BF80E406,0101000000D04F3D744F235AC0500734D613384940,PED:SST::10261006,COMPANY STEEL STAKE,IPL,,LACC_ATRENCH_F,REGNSK,,REGNSK45,SASKTEL,2020,LENGTH=DEPTH,,996623,100791,,", REGNSK",WIESJ3,2018-12-19T13:39:15,RAVAG1,2023-11-02T20:49:28
STRUCTURE507A826269FB4C81A36D12D5120410D3,01010000007C32B75C6C235AC0B83458878F374940,PED:SST::10798618,COMPANY STEEL STAKE,IPL,,LACC_ATRENCH_F,REGNSK,,REGNSK45,SASKTEL,2020,LENGTH=DEPTH,,996623,100791,,", REGNSK",WIESJ3,2020-02-24T15:27:35,THUND1,2024-02-16T05:10:29
STRUCTUREef18dbc5f08b47eda98b2609707070ba,01010000005818177E38235AC0B8A10F54D5374940,PED:JSPED:C264590,JOINT STANDARD PED,IPL,,,REGNSK,,REGNSK45,SASKPOWER,,,R 2654 THORNICROFT B,,,,"R 2654 THORNICROFT B, REGNSK",,,CHENR1,2022-04-08T07:40:26
STRUCTUREc3d4a4afc2fd416e85255fbc8a5b0b80,010100000038F0ACD5A5235AC0D00827F0AE374940,PED:JTPED:C216143,JOINT SPC TRF PED,IPL,,,REGNSK,,REGNSK45,SASKPOWER,,,UNK,,,,"UNK, REGNSK",,,CHENR1,2022-04-08T07:40:21
STRUCTURE9f717e79d4aa4952b25dd4693e6da172,010100000034EFBE7E96235AC0200EC1C7D9374940,PED:JSPED:C213004,JOINT STANDARD PED,IPL,,,REGNSK,,REGNSK45,SASKPOWER,,,UNK,,,,"UNK, REGNSK",,,CHENR1,2022-04-08T07:41:26
STRUCTURE7fb1a9f834b24ab88acfef923d3459de,010100000044B75ED363235AC0D0F7AC08CA374940,PED:JTPED:C216938,JOINT SPC TRF PED,IPL,,,REGNSK,,REGNSK45,SASKPOWER,,,UNK,,,,"UNK, REGNSK",,,CHENR1,2022-04-08T07:38:23
STRUCTURE2ebaabdc627b4cf0a69f31d1e72d804f,010100000074E9639460235AC0D056E3E107384940,PED:JSPED:C211760,JOINT STANDARD PED,IPL,,,REGNSK,,REGNSK45,SASKPOWER,,,R 2123 STYLES CRES E,,,,"R 2123 STYLES CRES E, REGNSK",,,CHENR1,2022-04-08T07:38:21
STRUCTURE5109a58a6dd04e6ba103c091081d994e,0101000000A075FC335D235AC080C1862B90374940,PED:JTPED:C217055,JOINT SPC TRF PED,IPL,,,REGNSK,,REGNSK45,SASKPOWER,,,UNK,,,,"UNK, REGNSK",,,CHENR1,2022-04-08T07:40:22
STRUCTUREfd76ab846ceb4037b4a32d65a2f54942,0101000000D0C2C38657235AC0B8BC9482FA374940,PED:JSPED:C211626,JOINT STANDARD PED,IPL,,,REGNSK,,REGNSK45,SASKPOWER,,,R 2102 ELDERKIN DR E,,,,"R 2102 ELDERKIN DR E, REGNSK",,,CHENR1,2022-04-08T07:39:10
STRUCTURE1c948ad18c5c4a00adcc9ab9f2c1ac17,0101000000E0EE6451C7235AC0902CDC36EF374940,PED:JSPED:C212311,JOINT STANDARD PED,IPL,,,REGNSK,,REGNSK45,SASKPOWER,,,R 2635 KLIMAN CRES,,,,"R 2635 KLIMAN CRES, REGNSK",,,CHENR1,2022-04-08T07:39:27
STRUCTURE3b32cafd74354f26996b89d9a3c484ac,0101000000D070D24D85235AC0F048499D2D384940,PED:JSPED:C211863,JOINT STANDARD PED,IPL,,,REGNSK,,REGNSK45,SASKPOWER,,,R 2003 STYLES CRES E,,,,"R 2003 STYLES CRES E, REGNSK",,,CHENR1,2022-04-08T07:38:19
STRUCTURED3C4A5600D384982A0289D2841AD571D,010100000000CAF7A380235AC040C70F4EB1374940,PED:SST::7737434,COMPANY STEEL STAKE,IPL,,LACC_ATRENCH_C,REGNSK,,REGNSK45,SASKTEL,2015,LENGTH=DEPTH,UNK,974687,100791,,"UNK, REGNSK",,,MANGM1,2024-10-21T13:44:55
STRUCTURE4666e69ecac9498d8daf69001aeba096,0101000000BC8F56F448235AC0909E589D58384940,PED:JSPED:C213655,JOINT STANDARD PED,IPL,,,REGNSK,,REGNSK45,SASKPOWER,,,R 2223 E ARENS RD,,,,"R 2223 E ARENS RD, REGNSK",,,CHENR1,2022-04-08T07:40:24
STRUCTURE2a2179098d6b447d90680ac1b79310eb,010100000014B1B029B5235AC0303E9421B4374940,PED:JSPED:C216138,JOINT STANDARD PED,IPL,,,REGNSK,,REGNSK45,SASKPOWER,,,R 2750 KLIMAN CRES,,,,"R 2750 KLIMAN CRES, REGNSK",,,CHENR1,2022-04-08T07:40:30
STRUCTURE9D71F6E84BDE4CD5AE9F4DE4F4AD4B4C,0101000000E850C45758235AC010A98A9258384940,PED:JUPED::10543595,JOINT TRF PED,IPL,,,REGNSK,,REGNSK45,SASKPOWER,2019,,,,,,", REGNSK",WIESJ3,2019-07-22T15:31:21,THUND1,2022-07-21T03:50:45
STRUCTURE34871b1d514d467e960408b0320fb163,0101000000B009BB1E48235AC0D00638A830384940,PED:JSPED:C213446,JOINT STANDARD PED,IPL,,,REGNSK,,REGNSK45,SASKPOWER,,,R 2202 WAGMAN DR E,,,,"R 2202 WAGMAN DR E, REGNSK",,,CHENR1,2022-04-08T07:38:15
STRUCTURE25a219c9f5d646009cb196ebc31ae56e,01010000009C67444D3A235AC070CBE0921D384940,PED:JSPED:C186170,JOINT STANDARD PED,IPL,,,REGNSK,,REGNSK45,SASKPOWER,,,R 2307 BRODIE BAY E,,,,"R 2307 BRODIE BAY E, REGNSK",,,CHENR1,2022-04-08T07:41:28
STRUCTUREf00f68e6d4a24699afa1d1edb523db03,010100000090ED9A952F235AC0B8303CDD56384940,PED:JSPED:C165830,JOINT STANDARD PED,IPL,,,REGNSK,,REGNSK45,SASKPOWER,,,R 2418 LEXIER PLACE,,,,"R 2418 LEXIER PLACE, REGNSK",,,CHENR1,2022-04-08T07:39:07
STRUCTURE39C4BB7429514965BFBCB90686F361F4,010100000008DCAF7270235AC040080C22EA374940,PED:SST::10498154,COMPANY STEEL STAKE,IPL,,LACC_ATRENCH_F,REGNSK,,REGNSK45,SASKTEL,2020,,,996623,127035,,", REGNSK",WIESJ3,2019-06-14T15:05:58,RAVAG1,2023-11-02T20:49:30
STRUCTUREfe515a18bae04ed68c367c5b02791972,010100000010528E345E235AC0B8512D2703384940,PED:SST:C188718,COMPANY STEEL STAKE,IPL,,LACC_ATRENCH_C,REGNSK,,REGNSK45,SASKTEL,,NO AP IN MARTENS,UNK,,100791,,"UNK, REGNSK",,,CHENR1,2022-04-08T07:41:28
STRUCTUREca3e2828c722411aa6dd85ca6c1adaa7,01010000007078EA8C6D235AC0A8F6A612B3374940,PED:JSPED:C216967,JOINT STANDARD PED,IPL,,,REGNSK,,REGNSK45,SASKPOWER,,,R 2010 CUNNING CRES,,,,"R 2010 CUNNING CRES, REGNSK",,,CHENR1,2022-04-08T07:38:21
STRUCTURE22c2a427fa57492591c96df3d57890d6,010100000080C81322AF235AC048DE4172C6374940,PED:JSPED:C216244,JOINT STANDARD PED,IPL,,,REGNSK,,REGNSK45,SASKPOWER,,,R 2763 KLIMAN CRES,,,,"R 2763 KLIMAN CRES, REGNSK",,,CHENR1,2022-04-08T07:40:24
STRUCTUREed6693d018e5492c9eb8e7260e28c67f,01010000009CF24B7193235AC08853BA1CF8374940,PED:JTPED:C213313,JOINT SPC TRF PED,IPL,,,REGNSK,,REGNSK45,SASKPOWER,,,UNK,,,,"UNK, REGNSK",,,CHENR1,2022-04-08T07:40:26
STRUCTURE4d9ebf920de04051ad27192ca6e5f980,01010000003436822729235AC030C99EFDFB374940,PED:JTPED:C186183,JOINT SPC TRF PED,IPL,,,REGNSK,,REGNSK45,SASKPOWER,,,UNK,,,,"UNK, REGNSK",,,CHENR1,2022-04-08T07:38:15
STRUCTURE41b17c6215a1485e825fadd2dbd53fb5,010100000058948320DA235AC058ACFBE3D7374940,PED:JTPED:C212449,JOINT SPC TRF PED,IPL,,,REGNSK,,REGNSK45,SASKPOWER,,,UNK,,,,"UNK, REGNSK",,,CHENR1,2022-04-08T07:40:34
STRUCTUREee15f804271b4cb3bdb1ce2f6df787a2,010100000010F2FDB1C9235AC000696A0C0C384940,PED:SST:C212204,COMPANY STEEL STAKE,IPL,,LACC_ATRENCH_C,REGNSK,,REGNSK45,SASKTEL,,LENGTH=DEPTH,UNK,,100791,,"UNK, REGNSK",,,CHENR1,2022-04-08T07:40:32
STRUCTURE45D07B386A594ECFB217263047570D26,01010000001006816F5C235AC0109D565890374940,PED:SST::10260693,COMPANY STEEL STAKE,IPL,,LACC_ATRENCH_F,REGNSK,,REGNSK45,SASKTEL,2020,LENGTH=DEPTH,,996623,100791,,", REGNSK",WIESJ3,2018-12-19T12:31:21,RAVAG1,2023-11-12T22:28:23
STRUCTURE2bebb707dea648bf837d1129e7b22271,01010000005826236449235AC0986B2DE0E6374940,PED:JTPED:C211571,JOINT SPC TRF PED,IPL,,,REGNSK,,REGNSK45,SASKPOWER,,,UNK,,,,"UNK, REGNSK",,,CHENR1,2022-04-08T07:38:24
STRUCTURE8B7BD1AC40F04FB99CBB6B526BFC9B00,0101000000A8DB973B6C235AC0884CEA5243384940,PED:JUPED::10589964,JOINT TRF PED,IPL,,,REGNSK,,REGNSK45,SASKPOWER,2019,,,,,,", REGNSK",WIESJ3,2019-08-13T09:18:09,THUND1,2022-07-21T03:50:27
STRUCTUREa28c27b4b1524efab9e2370db04c720e,0101000000F0B520C1D8235AC0F0EFAAA91A384940,PED:JSPED:C209358,JOINT STANDARD PED,IPL,,,REGNSK,,REGNSK45,SASKPOWER,,,R 1622 LEE PLACE E,,,,"R 1622 LEE PLACE E, REGNSK",,,CHENR1,2022-04-08T07:40:23
STRUCTURE3e0e31937b024f85bd00952ec5e47a81,0101000000F81526E4A7235AC0B094B0CCE1374940,PED:JSPED:C213089,JOINT STANDARD PED,IPL,,,REGNSK,,REGNSK45,SASKPOWER,,,R 2606 EHMAN BAY,,,,"R 2606 EHMAN BAY, REGNSK",,,CHENR1,2022-04-08T07:39:14
STRUCTURE18fd9ef9bcc64031ba72de9ad7e2a588,010100000054790261A7235AC0204D1D9A28384940,PED:JSPED:C209418,JOINT STANDARD PED,IPL,,,REGNSK,,REGNSK45,SASKPOWER,,,R 1807 WAGMAN DR E,,,,"R 1807 WAGMAN DR E, REGNSK",,,CHENR1,2022-04-08T07:40:30
STRUCTURE108383b4a78f4b9e865118e88585e8b8,0101000000901C5AAB90235AC0F0F85745EE374940,PED:JSPED:C213032,JOINT STANDARD PED,IPL,,,REGNSK,,REGNSK45,SASKPOWER,,,R 2026 BRAUN BAY E,,,,"R 2026 BRAUN BAY E, REGNSK",,,CHENR1,2022-04-08T07:41:26
STRUCTURE63abf334bce44606b73ae4941f539ff3,0101000000B479F0CE72235AC0E04470A023384940,PED:JSPED:C213418,JOINT STANDARD PED,IPL,,,REGNSK,,REGNSK45,SASKPOWER,,,R 2014 STYLES CRES E,,,,"R 2014 STYLES CRES E, REGNSK",,,CHENR1,2022-04-08T07:39:13
STRUCTURE7C89936059CC4CCB92692FEB25530455,0101000000ECCCB57CA5235AC0A8436682AF374940,PED:JSPED::11203427,JOINT STANDARD PED,IPL,,,REGNSK,,REGNSK45,SASKPOWER,,,,,,,", REGNSK",GORRS2,2020-11-10T07:18:03,THUND1,2022-07-07T00:05:52
STRUCTUREC20C87586F634510B4AA3ADD9758D8C4,010100000044FEBB994C235AC080089461DD374940,PED:SST::10260687,COMPANY STEEL STAKE,IPL,,LACC_ATRENCH_F,REGNSK,,REGNSK45,SASKTEL,2020,LENGTH=DEPTH,,996623,100791,,", REGNSK",WIESJ3,2018-12-19T11:40:04,RAVAG1,2023-11-02T20:49:23
STRUCTURE78B88EA017104EDB9A5D20E1B31E3603,01010000009CB4843D2C235AC020FA46C556384940,PED:SST::10500684,COMPANY STEEL STAKE,IPL,,LACC_ATRENCH_F,REGNSK,,REGNSK45,SASKTEL,2020,LENGTH=DEPTH,,996623,100791,,", REGNSK",WIESJ3,2019-06-17T11:56:29,RAVAG1,2023-11-02T20:49:28
STRUCTURE3abf5de5616c420987937c67cbf8634f,0101000000489E0B5336235AC000D0DDF2F4374940,PED:JSPED:C186149,JOINT STANDARD PED,IPL,,,REGNSK,,REGNSK45,SASKPOWER,,,R 2626 THORNICROFT B,,,,"R 2626 THORNICROFT B, REGNSK",,,CHENR1,2022-04-08T07:39:19
STRUCTURE241a3921c0434f87a85ff220bd50c16a,0101000000382CC56FD9235AC05829F0FAFE374940,PED:JSPED:C210015,JOINT STANDARD PED,IPL,,,REGNSK,,REGNSK45,SASKPOWER,,,R 2626 KLIMAN CRES,,,,"R 2626 KLIMAN CRES, REGNSK",,,CHENR1,2022-04-08T07:39:25
STRUCTUREb2a36b39cda2486eb8b09301d4ead1b1,010100000050DEDDB64E235AC028F4659C58384940,PED:JSPED:C213664,JOINT STANDARD PED,IPL,,,REGNSK,,REGNSK45,SASKPOWER,,,R 2215 E ARENS RD,,,,"R 2215 E ARENS RD, REGNSK",,,CHENR1,2022-04-08T07:39:14
STRUCTURE949b5eb6e6664574b999e46850bcd121,0101000000FC52838CC7235AC050268ED9E5374940,PED:JSPED:C212315,JOINT STANDARD PED,IPL,,,REGNSK,,REGNSK45,SASKPOWER,,,R 2643 KLIMAN CRES,,,,"R 2643 KLIMAN CRES, REGNSK",,,CHENR1,2022-04-08T07:38:27
STRUCTURE4e64054524e94fefa4cffca3d68b0d8e,01010000008803163029235AC048D3B4B9E1374940,PED:JSPED:C186101,JOINT STANDARD PED,IPL,,,REGNSK,,REGNSK45,SASKPOWER,,,R 2642 THORNICROFT B,,,,"R 2642 THORNICROFT B, REGNSK",,,CHENR1,2022-04-08T07:38:15
STRUCTURE7D2EA0A368B44634A411921727598951,0101000000444A0B7B80235AC0D89E44E4B1374940,PED:JUPED::7736474,JOINT TRF PED,IPL,,,REGNSK,,REGNSK45,SASKPOWER,2014,,UNK,974687,,,"UNK, REGNSK",,,THUND1,2022-07-21T03:50:09
STRUCTURE75318e8b65964948b8192ee433ed28c4,0101000000F47D1281A5235AC0E09EC5F7EA374940,PED:JSPED:C213097,JOINT STANDARD PED,IPL,,,REGNSK,,REGNSK45,SASKPOWER,,,R 2614 EHMAN BAY,,,,"R 2614 EHMAN BAY, REGNSK",,,CHENR1,2022-04-08T07:38:15
STRUCTURE67608c5dbf5b48d1b35464cbbd6f106e,01010000007C250CDAB6235AC0508E6E9628384940,PED:JSPED:C209396,JOINT STANDARD PED,IPL,,,REGNSK,,REGNSK45,SASKPOWER,,,R 1703 HUNTER PLACE,,,,"R 1703 HUNTER PLACE, REGNSK",,,CHENR1,2022-04-08T07:40:39
STRUCTUREAA6EC700AC8F4DA2A3F717E686456BDD,010100000080FE6F10A0235AC060CAFC1AFE374940,PED:SST::10500686,COMPANY STEEL STAKE,IPL,,LACC_ATRENCH_F,REGNSK,,REGNSK45,SASKTEL,2020,LENGTH=DEPTH,,996623,100791,,", REGNSK",WIESJ3,2019-06-17T12:57:25,RAVAG1,2023-11-02T20:49:20
STRUCTUREf53d545a9f934f0f93ef991f5da210b3,01010000005019224E57235AC0489618AD1E384940,PED:JSPED:C207611,JOINT STANDARD PED,IPL,,,REGNSK,,REGNSK45,SASKPOWER,,,R 2203 WAGMAN DR E,,,,"R 2203 WAGMAN DR E, REGNSK",,,CHENR1,2022-04-08T07:41:23
STRUCTUREb20926d2855f4eb29117ea39a1a8936f,01010000003C11E2CF72235AC05869AEE72C384940,PED:JSPED:C213419,JOINT STANDARD PED,IPL,,,REGNSK,,REGNSK45,SASKPOWER,,,R 2006 STYLES CRES E,,,,"R 2006 STYLES CRES E, REGNSK",,,CHENR1,2022-04-08T07:39:23
STRUCTURE03f9521df43d430896f3a9051019a978,0101000000A8A87A5F40235AC0F0718DD956384940,PED:JSPED:C213573,JOINT STANDARD PED,IPL,,,REGNSK,,REGNSK45,SASKPOWER,,,R 2410 LEXIER PLACE,,,,"R 2410 LEXIER PLACE, REGNSK",,,CHENR1,2022-04-08T07:39:07
STRUCTUREf98cf1c83d034ce68718c7908c3b3681,0101000000744C8E4FA9235AC07824E18CEB374940,PED:JTPED:C213191,JOINT SPC TRF PED,IPL,,,REGNSK,,REGNSK45,SASKPOWER,,,UNK,,,,"UNK, REGNSK",,,CHENR1,2022-04-08T07:40:23
STRUCTURE146f275e11544e87976942e73fc1fa7a,010100000014E934C186235AC0606D6EB4F2374940,PED:JSPED:C213214,JOINT STANDARD PED,IPL,,,REGNSK,,REGNSK45,SASKPOWER,,,R 2022 BRAUN BAY E,,,,"R 2022 BRAUN BAY E, REGNSK",,,CHENR1,2022-04-08T07:41:22
STRUCTURE5e68526e2b894aa388ae5f12b98f4fd1,0101000000A04F832062235AC0708C9636AE374940,PED:JSPED:C216942,JOINT STANDARD PED,IPL,,,REGNSK,,REGNSK45,SASKPOWER,,,R 2106 CUNNING CRES,,,,"R 2106 CUNNING CRES, REGNSK",,,CHENR1,2022-04-08T07:38:28
STRUCTURE745e1f95c34e49c895341312ea8c21f4,0101000000740F8E6147235AC0D021C3D956384940,PED:JSPED:C213558,JOINT STANDARD PED,IPL,,,REGNSK,,REGNSK45,SASKPOWER,,,R 2222 NEWIS BAY E,,,,"R 2222 NEWIS BAY E, REGNSK",,,CHENR1,2022-04-08T07:38:22
STRUCTUREaf817ddd58f442e39acc8cd8b5b0c615,0101000000AC09F47FCA235AC048F668140C384940,PED:JSPED:C212222,JOINT STANDARD PED,IPL,,,REGNSK,,REGNSK45,SASKPOWER,,,R 2610 KLIMAN CRES,,,,"R 2610 KLIMAN CRES, REGNSK",,,CHENR1,2022-04-08T07:39:11
STRUCTURE24BA168B3DF940999E9B7B156A51AF9E,0101000000B8AD8AF66C235AC090363EC8EF374940,PED:SST::12686944,COMPANY STEEL STAKE,IPL,,LACC_ATRENCH_F,REGNSK,,REGNSK45,SASKTEL,,LENGTH=DEPTH,,,100791,,", REGNSK",SATYK1,2023-03-17T06:32:08,THUND1,2023-03-17T23:26:11
STRUCTUREBDD58D65D8A04603B12C60322F2E3A55,01010000000C39C21140235AC000F72C0A26384940,PED:SST::10261007,COMPANY STEEL STAKE,IPL,,LACC_ATRENCH_F,REGNSK,,REGNSK45,SASKTEL,2020,LENGTH=DEPTH,,996623,100791,,", REGNSK",WIESJ3,2018-12-19T13:40:10,RAVAG1,2023-11-02T20:49:24
STRUCTURE234752008e46461c91c9957c92e9e5f3,0101000000A4F45B5A3E235AC0E83FEC6BEE374940,PED:JSPED:C212344,JOINT STANDARD PED,IPL,,,REGNSK,,REGNSK45,SASKPOWER,,,R 2622 THORNICROFT B,,,,"R 2622 THORNICROFT B, REGNSK",,,CHENR1,2022-04-08T07:38:19
STRUCTURE457610bbf00f402c88e5917f630fcfcf,01010000008024E72290235AC0D80CCAB021384940,PED:JSPED:C210104,JOINT STANDARD PED,IPL,,,REGNSK,,REGNSK45,SASKPOWER,,,R 2535 STURBY PLACE,,,,"R 2535 STURBY PLACE, REGNSK",,,CHENR1,2022-04-08T07:39:18
STRUCTURE2F65F069646D4DD286B01E4653D7103A,0101000000E0AC9F367E235AC0F03920DEBA374940,PED:JUPED::10504202,JOINT TRF PED,IPL,,,REGNSK,,REGNSK45,SASKPOWER,2019,,,,,,", REGNSK",WIESJ3,2019-06-19T07:52:24,THUND1,2022-07-21T03:51:10
STRUCTURE8f21041b5e9b451caf1995629482c5ca,01010000006065EB1BA3235AC0B81A2B0116384940,PED:JTPED:C212019,JOINT SPC TRF PED,IPL,,,REGNSK,,REGNSK45,SASKPOWER,,,UNK,,,,"UNK, REGNSK",,,CHENR1,2022-04-08T07:39:18
STRUCTUREc50bea8256e748118e530f17551f4048,0101000000389E8AACD9235AC0088A9E4FF5374940,PED:JSPED:C210012,JOINT STANDARD PED,IPL,,,REGNSK,,REGNSK45,SASKPOWER,,,R 2634 KLIMAN CRES,,,,"R 2634 KLIMAN CRES, REGNSK",,,CHENR1,2022-04-08T07:39:16
STRUCTUREf6f185fcebcb43f08bff26764ea56bc3,0101000000E418A759D4235AC090B277790C384940,PED:JSPED:C212227,JOINT STANDARD PED,IPL,,,REGNSK,,REGNSK45,SASKPOWER,,,R 2618 KLIMAN CRES,,,,"R 2618 KLIMAN CRES, REGNSK",,,CHENR1,2022-04-08T07:40:24
STRUCTUREa49fe6031d0d4caa90bdd2113cc7e58d,0101000000807D8516A3235AC05816821222384940,PED:JSPED:C209441,JOINT STANDARD PED,IPL,,,REGNSK,,REGNSK45,SASKPOWER,,,R 1719 HUNTER PLACE,,,,"R 1719 HUNTER PLACE, REGNSK",,,CHENR1,2022-04-08T07:38:21
STRUCTURE35101420ae6140298d7f8950da25cb5f,010100000094FB2444C7235AC070ACE802E3374940,PED:JSPED:C212343,JOINT STANDARD PED,IPL,,,REGNSK,,REGNSK45,SASKPOWER,,,R 2703 KLIMAN CRES,,,,"R 2703 KLIMAN CRES, REGNSK",,,CHENR1,2022-04-08T07:41:21
STRUCTURE0c951ed5a7004f1594ff08263c4338a7,01010000001C51E01E7D235AC018F14396A6374940,PED:SST:C188758,COMPANY STEEL STAKE,IPL,,LACC_ATRENCH_C,REGNSK,,REGNSK45,SASKTEL,,NOI AP IN MARTENS,UNK,,100783,,"UNK, REGNSK",,,CHENR1,2022-04-08T07:36:02
STRUCTUREcd6fe58ea62e4d0991f31388d42358f5,010100000084E272E269235AC0204A954410384940,PED:JSPED:C211776,JOINT STANDARD PED,IPL,,,REGNSK,,REGNSK45,SASKPOWER,,,R 2039 STYLES CRES E,,,,"R 2039 STYLES CRES E, REGNSK",,,CHENR1,2022-04-08T07:39:23
STRUCTUREe4a6238214e741d18898aa6527cac255,0101000000F03D0203F1235AC0381B6FBBE8374940,PED:SST:C185583,COMPANY STEEL STAKE,IPL,,LACC_ATRENCH_C,REGNSK,,REGNSK45,SASKTEL,,LENGTH=DEPTH,UNK,,100783,,"UNK, REGNSK",,,CHENR1,2022-04-08T07:41:20
STRUCTURE959a51e8a0f446c7a8376df1deb8c416,0101000000F409F61872235AC030F06F4CE6374940,PED:SST:C188733,COMPANY STEEL STAKE,IPL,,LACC_ATRENCH_C,REGNSK,,REGNSK45,SASKTEL,,CATV ped,S 2002 E BRAUN BAY E,,100783,,"S 2002 E BRAUN BAY E, REGNSK",,,CHENR1,2022-04-08T07:33:21
