id,location,name,type_name,inventory_status_code,work_order_name,account_code,clli_code,st_clli_cd,st_co_id,st_ownr_co_nm,st_vntge_yr,st_rmks,st_trmnl_id,st_pc_qty,st_sap_actvy_cd,st_sap_ntwk_id
Structure1_WGS84/12732,0101000000708ECF9E0A255AC0905394E8383B4940,TOWER:FIXED::13155819,Fixed,IPL,,LACC_ATRENCH_F,REGNSK,REGOSKIS,REGNSK01,SaskTel,2022,,,,,
Structure1_WGS84/12777,01010000002468A5A683A859C030D402CA120D4940,TOWER:FIXED::12393163,Fixed,IPL,,,KPNGSK,KPNGSK01,KPNGSK01,SaskTel,1995,,,,,
Structure1_WGS84/14079,010100000010A36696A4FD5AC0101953A6940E4940,TOWER:FIXED::12451735,Fixed,IPL,,,SWCRSK,DNCRSK01,WYMRSK02,SASKTEL,2021,,,,,
Structure1_WGS84/14313,0101000000B8809719762A5AC00066ABC3383E4940,TOWER:FIXED::13199706,Fixed,PDA,REGN823387,,REGNSK,REGOSKGH,REGNSK04,SASKTEL,2024,,,,0000,823387
Structure1_WGS84/15331,010100000084D75BEE3FC25AC0B8FD2F9ABF3D4940,TOWER:TOWER:C500914,Fixed,IPL,,,MORSSK,,MORSSK01,SASKTEL,,,,,,
Structure1_WGS84/15338,0101000000303CA56C39E85AC090B0A4863DFB4840,TOWER:FIXED::12363095,Fixed,IPL,,,NEVLSK,,NEVLSK01,SaskTel,2019,,,,,
Structure1_WGS84/15339,0101000000A43EBB3C70725BC01004A930902B4940,TOWER:FIXED::12349669,Fixed,IPL,,,RCHMSK,,RCHMSK02,SaskTel,2005,,,,,
Structure1_WGS84/15357,0101000000BC34E25578465BC0900A5195A1D14840,TOWER:FIXED::12451725,Fixed,IPL,,,ESNDSK,,RVNSSK01,SaskTel,2021,,,,,
Structure1_WGS84/15374,010100000030AF652A8BD75AC02844101FCC194940,TOWER:FIXED::12435095,Fixed,IPL,,,NDPTSK,,HLNQSK01,SaskTel,2020,,,,,
Structure1_WGS84/15375,01010000005496C51DFFDB5AC028B27B0414494940,TOWER:FIXED::12435743,Fixed,IPL,,,HRBRSK,,MNCTSK01,SaskTel,2020,,,,,
Structure1_WGS84/15445,01010000006C21CFFBED765AC0706000BBBC864940,TOWER:TOWER:C106005,Fixed,IPL,,,CRAKSK,,CRAKSK01,SASKTEL,,,,,,
Structure1_WGS84/15569,0101000000343B9C0A822A5AC038B53D2BBD3D4940,TOWER:FIXED::7247596,Fixed,IPL,,,REGNSK,REGOSKKE,REGNSK04,SaskTel,2013,,,,0010,971557
Structure1_WGS84/15724,01010000003067A901727F5AC0B072B7449EA14940,TOWER:FIXED::12398331,Fixed,IPL,,,DVSNSK,DVSNSK03,DVSNSK03,SaskTel,1994,,,,,
Structure1_WGS84/16242,01010000004460BD9B986A59C0D8C1096B74124940,TOWER:PTBL::7948954,Fixed,IPL,,,MSMNSK06,MSMNSK06,MSMNSK01,SaskTel,2014,,,,0010,976077
Structure1_WGS84/16291,010100000040966FF75ECE5AC0E837BEF60C364940,TOWER:TOWER:C518195,Fixed,IPL,,,HRBRSK,,HRBRSK01,SASKTEL,,,,,,
Structure1_WGS84/18252,01010000006087FB3F3C265AC0E8F5FB2616384940,TOWER:FIXED::12510301,Fixed,IPL,,,REGNSK,REGOSKLQ,REGNSK01,SaskTel,2013,,,,,
Structure1_WGS84/18253,010100000070B3651771275AC0E0EEAE4BFE364940,TOWER:FIXED::12510302,Fixed,IPL,,,REGNSK,REGOSKFB,REGNSK01,SaskTel,2011,,,,,
Structure1_WGS84/18256,0101000000982936B1A3275AC0A876630776384940,TOWER:FIXED::12510303,Fixed,IPL,,,REGNSK,REGNSKTJ,REGNSK01,SaskTel,2002,,,,,
Structure1_WGS84/18259,010100000040523C156D275AC0D0EDB85D3F3F4940,TOWER:FIXED::12510304,Fixed,IPL,,,REGNSK,REGOSKQJ,REGNSK04,SaskTel,2022,,,,,
Structure1_WGS84/18578,0101000000E8F49A563E255AC020CD8ADB3A344940,TOWER:FIXED::12510305,Fixed,IPL,,,REGNSK,REGNSK62,REGNSK71,SaskTel,2012,,,,,
Structure1_WGS84/20343,0101000000E87748CEF5275AC0D0A8E345A73A4940,TOWER:FIXED::6777434,Fixed,IPL,,,REGNSK,REGOSKNU,REGNSK01,SaskTel,2013,23m 2024,,,0010,969211
Structure1_WGS84/21182,01010000007C3CD5D06F265AC0B077C145C6344940,TOWER:FIXED::12331082,Fixed,IPL,,,REGNSK,REGOSKQK,REGNSK03,SaskTel,2023,43.75M,,,0000,818416
Structure1_WGS84/21902,0101000000842E5CE193E259C0102E31C4E1664940,TOWER:FIXED::12518286,Fixed,IPL,,,BLCRSK,BLCRSK01,BLCRSK01,SaskTel,2008,,,,,
Structure1_WGS84/22109,0101000000B8233634327A5BC0F805CFB29E534940,TOWER:FIXED::12518283,Fixed,IPL,,,BRSTSK,BRSTSK02,BRSTSK02,SaskTel,1968,,,,,
Structure1_WGS84/32881,01010000004CBDF70256295AC040D827C27E3B4940,TOWER:PTBL::10759323,Fixed,IPL,,LACC_ATRENCH_F,REGNSK,REGOSKVW,REGNSK04,SaskTel,2020,,,,0000,808246
Structure1_WGS84/34187,0101000000E41B2FAFAC2C5AC0B014478DA53D4940,TOWER:FIXED::6735560,Fixed,IPL,,,REGNSK,,REGNSK04,SaskTel,2013,,,,0010,968727
Structure1_WGS84/34188,0101000000A8BDAE7DA62C5AC00001E709A73D4940,TOWER:FIXED::6735561,Fixed,IPL,,,REGNSK,,REGNSK04,SaskTel,2013,,,,0010,968727
Structure1_WGS84/40448,0101000000B84553820D215AC0D0996A897C954940,TOWER:FIXED::12348368,Fixed,IPL,,,RYMRSK,SRTHSK01,RYMRSK01,SaskTel,1977,,,,,
Structure1_WGS84/40449,0101000000A482941CD36B5AC02084463EDC774940,TOWER:FIXED::12349326,Fixed,IPL,,,CRAKSK,AYBYSK02,AYBYSK02,SaskTel,2003,,,,,
Structure1_WGS84/40451,0101000000E07EA1F6842A5AC018D771C9DF354940,TOWER:FIXED::12349665,Fixed,IPL,,,REGNSK,REGOSKDV,REGNSK03,SaskTel,2011,,,,,
Structure1_WGS84/40901,0101000000E03993EAC6265AC028053885E1394940,TOWER:FIXED::11530442,Fixed,IPL,,,REGNSK,,REGNSK01,SaskTel,2012,,,,,
Structure1_WGS84/40903,010100000020CD8A6EFE265AC0F8C923B5D93C4940,TOWER:FIXED::11530445,Fixed,IPL,,,REGNSK,REGOSKNQ,REGNSK04,SaskTel,,,,,,
Structure1_WGS84/42190,010100000070D4889B5EF259C0981E330E3D244940,TOWER:FIXED::12379746,Fixed,IPL,,,ODSSSK,ODSSSK01,ODSSSK01,SaskTel,2019,,,,,
Structure1_WGS84/42191,010100000058C9DBD2E90E5BC008F585E13A444940,TOWER:FIXED::12379741,Fixed,IPL,,,PNNTSK,PNNTSK01,PNNTSK01,SaskTel,2019,,,,,
Structure1_WGS84/42566,0101000000BC918758F9DD59C0D8EB93FF702D4940,TOWER:FIXED::12371443,Fixed,IPL,,,SNTLSK,ASRSSK01,ASRSSK01,SaskTel,2011,,,,,
Structure1_WGS84/42571,0101000000E82F7050CDDA59C08882983F775F4940,TOWER:FIXED::12402451,Fixed,IPL,,,ABRNSK,ABRNSK01,ABRNSK01,SaskTel,2019,,,,,
Structure1_WGS84/43206,010100000028CB1FF207335AC0D0AD45B5CFA24940,TOWER:FIXED::12441806,Fixed,IPL,,,SMNSSK,GOVNSK03,SMNSSK01,SaskTel,2020,,,,,
Structure1_WGS84/43340,010100000040F2EFAF15A559C0E09BD3BD32304940,TOWER:FIXED::12399575,Fixed,IPL,,,BRVWSK,BRVWSK01,BRVWSK01,SaskTel,2002,,,,,
Structure1_WGS84/44123,0101000000D827660E803F5AC008F12D8BCDA74940,TOWER:FIXED::12495884,Fixed,IPL,,,GOVNSK,GOVNSK01,GOVNSK01,SaskTel,2019,,,,,
Structure1_WGS84/44691,01010000009CA14A909BFF59C0F012D55B83514940,TOWER:FIXED::12352526,Fixed,IPL,,,QAPLSK,EDGLSK04,EDGLSK04,SaskTel,2000,,,,,
Structure1_WGS84/45079,010100000048A888EF9EEE5AC06864A9C5459F4840,TOWER:FIXED::12363083,Fixed,IPL,,,VLMRSK,VLMRSK01,VLMRSK01,SaskTel,2019,,,,,
Structure1_WGS84/46142,0101000000BC248BB712ED59C0305256B0A6604940,TOWER:FIXED::12367248,Fixed,IPL,,,FTQPSK,LEBTSK01,FTQPSK01,SaskTel,2013,,,,,
Structure1_WGS84/46187,0101000000A46D897DBE215AC0B071E28A4FB44940,TOWER:FIXED::12375263,Fixed,IPL,,,RYMRSK,RYMRSK01,RYMRSK01,SaskTel,1996,,,,,
Structure1_WGS84/47014,010100000098A5A454D08159C0B0B21BC220F44840,TOWER:FIXED::12399604,Fixed,IPL,,,WAWTSK,WAWTSK01,WAWTSK01,SaskTel,1979,,,,,
Structure1_WGS84/47070,0101000000208D1156F1DD59C038F9536E98674940,TOWER:TOWER:C171422,Fixed,IPL,,,BLCRSK,BLCRSK02,BLCRSK01,SASKTEL,,,,,,
Structure1_WGS84/47071,0101000000ACABFFFC69045AC03092524AF4404940,TOWER:TOWER:C151720,Fixed,IPL,,,QAPLSK,,MCLNSK03,SASKTEL,,,,,,
Structure1_WGS84/47072,01010000003043C27B97125AC0E8DF522E0A274940,TOWER:TOWER:C167729,Fixed,IPL,,,REGNSK,,REGNSK01,SASKTEL,,CELL SITE,,,,
Structure1_WGS84/47073,0101000000340BB9F4BD215AC050C4984A78394940,TOWER:TOWER:C225516,Fixed,IPL,,,,REGOSKKV,REGNSK46,SASKTEL,,,,,,
Structure1_WGS84/47074,0101000000FCAC6946D5235AC0409DD348A53D4940,TOWER:TOWER:D7167770,Fixed,IPL,,,REGNSK,,REGNSK12,SASKTEL,,,,,,
Structure1_WGS84/47075,01010000003017952D022C5AC0389AA5CF54404940,TOWER:TOWER:C254522,Fixed,IPL,,,REGNSK,,REGNSK04,SASKTEL,,,,,,
Structure1_WGS84/47076,01010000009016408EEC285AC0F02B84DF8A3F4940,TOWER:TOWER:C318183,Fixed,IPL,,,REGNSK,REGOSKKJ,REGNSK04,SASKTEL,,,,,,
Structure1_WGS84/47078,0101000000A8E7473D301D5AC0284B73B9EE664940,TOWER:TOWER::6844976,Fixed,IPL,,,STHYSK,,STHYSK01,SASKTEL,2012,,,,0010,960771
Structure1_WGS84/47079,01010000001CF3BAAB822A5AC038C1334BC93D4940,TOWER:TOWER::7073772,Fixed,IPL,,,REGNSK,,REGNSK04,SASKTEL,2011,,,,,0
Structure1_WGS84/47080,0101000000E86C24B049585AC070761ABF29564940,TOWER:TOWER::7081115,Fixed,IPL,,,BTHNSK,FNDLSK03,BTHNSK02,SASKTEL,2013,61M GUYED CELL TOWER,,,0010,970886
Structure1_WGS84/47084,0101000000B8A68EF5975B5AC0E024D0443EA94940,TOWER:TOWER:C109631,Fixed,IPL,,,IMPRSK,IMPRSK03,IMPRSK02,SASKTEL,,,,,,
Structure1_WGS84/47085,01010000008C15A43500135AC0C0095FAEB1AF4940,TOWER:TOWER:C157535,Fixed,IPL,,,PNCHSK,PNCHSK01,PNCHSK01,SASKTEL,,,,,,
Structure1_WGS84/47086,01010000007C280685B7DC59C068DEABA234354940,TOWER:TOWER:C127637,Fixed,IPL,,,SNTLSK,SNTLSK02,SNTLSK01,SASKTEL,,,,,,
Structure1_WGS84/47088,010100000028FFF27A24895AC050BE74BB60AF4940,TOWER:TOWER:C95484,Fixed,IPL,,,DVSNSK,BLWOSK02,BLWOSK02,SASKTEL,,,,,,
Structure1_WGS84/47089,010100000054B5E6BF2EBB59C008D17224402F4940,TOWER:TOWER:C141482,Fixed,IPL,,,GRNFSK,GRNFSK03,GRNFSK01,SASKTEL,,,,,,
Structure1_WGS84/47090,010100000030860CC0B3EE59C010939856B95F4940,TOWER:TOWER:C133816,Fixed,IPL,,,FTQPSK,FTQPSK05,FTQPSK01,SASKTEL,,,,,,
Structure1_WGS84/47091,010100000098872DEC52F259C0C8E8C2AD1A644940,TOWER:TOWER:C134085,Fixed,IPL,,,FTQPSK,FTQPSK03,FTQPSK01,SASKTEL,,,,,,
Structure1_WGS84/47092,01010000008CFEC7A4673D5AC020EDCAC4738A4940,TOWER:TOWER:C122103,Fixed,IPL,,,STBGSK,STBGSK04,STBGSK01,SASKTEL,,,,,,
Structure1_WGS84/47093,010100000064ED63C322645AC0088719B2EB6B4940,TOWER:TOWER:C93628,Fixed,IPL,,,BTHNSK,CHBLSK02,CHBLSK01,SASKTEL,,,,,,
Structure1_WGS84/47126,0101000000FCED631963BB59C0A845D047C2344940,OWER:TOWER::11041484,Fixed,IPL,,,GRNFSK,GRNFSK01,GRNFSK01,SASKTEL,2020,,,,0000,810401
Structure1_WGS84/47304,010100000094A500C5261D5BC0C80DD034634F4940,TOWER:TOWER:C502953,Fixed,IPL,,,CABRSK,,CABRSK01,SASKTEL,,,,,,
Structure1_WGS84/47305,01010000002CD8036963B65AC0905A08AFB3394940,TOWER:TOWER:C506008,Fixed,IPL,,,MORSSK,ENFLSK01,ENFLSK02,SASKTEL,,,,,,
Structure1_WGS84/47306,01010000009867C73B97DF5AC0305251F76CD74840,TOWER:TOWER:C501944,Fixed,IPL,,,PNTXSK,,PNTXSK01,SASKTEL,,,,,,
Structure1_WGS84/47307,0101000000F82593679F4A5BC00847A55298404940,TOWER:TOWER:C529750,Fixed,IPL,,,FXVYSK,FXVYSK04,FXVYSK01,SASKTEL,,,,,,
Structure1_WGS84/47308,0101000000B49B9155521E5BC0B0526DE9319A4840,TOWER:TOWER:C526334,Fixed,IPL,,,FRNTSK,CLMXSK02,FRNTSK01,SASKTEL,,,,,,
Structure1_WGS84/47309,010100000028F4B7C002FC5AC09841534E72FB4840,TOWER:TOWER:C512705,Fixed,IPL,,,NEVLSK,LCPLSK03,LCPLSK02,SASKTEL,,,,,,
Structure1_WGS84/47310,0101000000D81130B523EC5AC0587C027C45054940,TOWER:TOWER:C570778,Fixed,IPL,,,NEVLSK,BLMNSK01,NEVLSK01,SASKTEL,,,,,,
Structure1_WGS84/47323,0101000000C47CE89EAF1D5BC068C2D23A96F34840,TOWER:TOWER:C515082,Fixed,IPL,,,GLLKSK,CRMCSK02,GLLKSK04,SASKTEL,,,,,,
Structure1_WGS84/47324,01010000009494C28956205BC0289CC172930F4940,TOWER:TOWER:C572858,Fixed,IPL,,,GLLKSK,GLLKSK06,GLLKSK01,SASKTEL,,,,,,
Structure1_WGS84/47337,01010000007C7E66B0CCEF5AC060FF63F87A1E4940,TOWER:TOWER::8202078,Fixed,IPL,,,SWCRSK,SWCRSKCH,SWCRSK02,SASKTEL,2014,,,,0010,977488
Structure1_WGS84/47415,0101000000783851B07E275AC058CFE6313D3E4940,TOWER:TOWER::7104478,Fixed,IPL,,,REGNSK,REGOSKMH,REGNSK04,SASKTEL,2012,,,,0010,964745
Structure1_WGS84/47818,01010000003830AE288D085BC000519E23F9FC4840,TOWER:FIXED::12435093,Fixed,IPL,,,SHNVSK,SIMISK02,SIMISK01,SaskTel,2021,,,,,
Structure1_WGS84/47824,0101000000C82464CC6F7059C07872FD5D0DEA4840,TOWER:FIXED::12437004,Fixed,IPL,,,MYFDSK,FRLGSK02,FRLGSK01,SaskTel,2020,,,,,
Structure1_WGS84/47833,0101000000ACF5D3EC921E5AC0585FF8561E394940,TOWER:FIXED::12349668,Fixed,IPL,,,REGNSK,REGNSK05,REGNSK46,SaskTel,1967,,,,,
Structure1_WGS84/51544,0101000000F09D2D5A5F465AC0F00BC9E519744940,TOWER:FIXED::12451722,Fixed,IPL,,,STBGSK,GLHRSK02,SBBHSK01,SaskTel,2020,,,,,
Structure1_WGS84/51545,01010000003CFB293F7D4C5AC0A0CA01D9B09C4940,TOWER:FIXED::12451731,Fixed,IPL,,,GOVNSK,ANBHSK02,GOVNSK01,SaskTel,2021,,,,,
Structure1_WGS84/51547,01010000000C32B42D0F925AC0404A7482B59D4940,TOWER:FIXED::12451737,Fixed,IPL,,,DVSNSK,DVSNSK06,DVSNSK03,SaskTel,2020,,,,,
Structure1_WGS84/51578,0101000000F8E3A986FE165AC0A046F76CD0384940,TOWER:FIXED::12457483,Fixed,IPL,,,REGNSK,WHCYSK26,WHCYSK01,SaskTel,2022,,,,,
Structure1_WGS84/55460,0101000000B8961247131B5AC0906BB0CE833E4940,TOWER:FIXED::12953162,Fixed,IPL,,LACC_ATRENCH_F,REGNSK,PLBTSK09,PLBTSK01,SaskTel,2024,,,,0000,822122
Structure1_WGS84/57559,010100000010F5B0875E375AC0906D425C247E4940,TOWER:FIXED::12371437,Fixed,IPL,,,STBGSK,BULYSK04,BULYSK04,SaskTel,2019,,,,,
Structure1_WGS84/58000,0101000000C485EC8443AC59C040047DD8C1424940,TOWER:TOWER::6383867,Fixed,IPL,,,BRVWSK,CWIRSK01,MARLSK01,SASKTEL,2012,,,,0010,965855
Structure1_WGS84/58001,0101000000BC269EC548175AC0D0F1D608233A4940,TOWER:TOWER:C193066,Fixed,IPL,,,REGNSK,,WHCYSK01,SASKTEL,,,,,,
Structure1_WGS84/58002,01010000000C7B8B9BFB185AC07887F562422D4940,TOWER:TOWER:C188274,Fixed,IPL,,,REGNSK,,REGNSK45,SASKTEL,,,,,,
Structure1_WGS84/58003,0101000000F4C395D405275AC0F8FEBB15B43B4940,TOWER:TOWER:C208002,Fixed,IPL,,,REGNSK,,REGNSK01,SASKTEL,,,,,,
Structure1_WGS84/58004,0101000000B0ED86FD362B5AC0F0E80C1A673B4940,TOWER:TOWER:C203503,Fixed,IPL,,,REGNSK,,REGNSK04,SASKTEL,,,,,,
Structure1_WGS84/58005,0101000000783E05EB78FB59C05854823A6F284940,TOWER:TOWER:C151288,Fixed,IPL,,,VBNKSK,VBNKSK02,VBNKSK01,SASKTEL,,,,,,
Structure1_WGS84/58006,0101000000CC5A9AF3DD6B59C0E893E9F8B1114940,TOWER:TOWER:C167650,Fixed,IPL,,,MSMNSK,MSMNSK05,MSMNSK01,SASKTEL,,,,,,
Structure1_WGS84/58035,0101000000A43598491E525BC068BE7F9D22FF4840,TOWER:TOWER:C529487,Fixed,IPL,,,PIPTSK,,PIPTSK01,SASKTEL,,,,,,
Structure1_WGS84/58459,010100000048DEF978DA0D5BC0208E75DEB7C94840,TOWER:FIXED::12456548,Fixed,IPL,,,SHNVSK,SHNVSK10,SHNVSK01,SaskTel,2021,,,,,
Structure1_WGS84/60018,0101000000888B69C789265AC0D0DDEF69B13A4940,TOWER:FIXED::13145486,Fixed,IPL,,LACC_ATRENCH_F,REGNSK,REGOSKMI,REGNSK01,SaskTel,,15m,,,,
Structure1_WGS84/63056,0101000000C81375D793195AC0485230A2EEBC4940,TOWER:FIXED::12350922,Fixed,IPL,,,PNCHSK,PMIRSK01,PMIRSK01,SaskTel,2009,,,,,
Structure1_WGS84/63133,010100000050959A63371A5BC028809F34FED24840,TOWER:FIXED::12363087,Fixed,IPL,,,SHNVSK,SHNVSK01,SHNVSK01,SaskTel,1967,,,,,
Structure1_WGS84/63353,010100000004D5036FD3475BC050323EDB496E4940,TOWER:TOWER:C515642,Fixed,IPL,,,SCPTSK,LMFRSK01,SCPTSK01,SASKTEL,,,,,,
Structure1_WGS84/63354,0101000000187C62E978625BC068C02710D5704940,TOWER:TOWER:C523894,Fixed,IPL,,,LEDRSK,LEDRSK02,LEDRSK01,SASKTEL,,,,,,
Structure1_WGS84/63357,010100000020C117D0725D5BC03096384BB9FC4840,TOWER:TOWER:C543887,Fixed,IPL,,,MPCKSK,MPCKSK05,MPCKSK01,SASKTEL,,,,,,
Structure1_WGS84/63358,0101000000B4047973C1F25AC02002CEF27F2B4940,TOWER:TOWER:C571465,Fixed,IPL,,,SWCRSK,SWCRSK03,SWCRSK02,SASKTEL,,,,,,
Structure1_WGS84/65322,0101000000F8D8203DECF25AC088118B1DEF244940,TOWER:FIXED::12348367,Fixed,IPL,,,SWCRSK,SWCRSK42,SWCRSK02,SASKTEL,2001,,,,,
Structure1_WGS84/67221,0101000000F073EB51522B5AC008308B14403A4940,TOWER:FIXED::6735547,Fixed,IPL,,,REGNSK,,REGNSK01,SaskTel,2013,,,,0010,968728
Structure1_WGS84/68540,0101000000C01C4EAA679359C0F01EA46A652B4940,TOWER:TOWER:C170960,Fixed,IPL,,,WHWDSK,WHWDSK02,WHWDSK01,SASKTEL,,,,,,
Structure1_WGS84/68541,0101000000A495F949202B5AC0A0A03D992A3B4940,TOWER:TOWER:C321093,Fixed,IPL,,,REGNSK,,REGNSK04,SASKTEL,,,,,,
Structure1_WGS84/68542,0101000000306B6EF42D115AC06810C68C86534940,TOWER:TOWER:C105592,Fixed,IPL,,,BLGNSK,EDNWSK02,EDNWSK01,SASKTEL,,,,,,
Structure1_WGS84/68572,0101000000485B099B09EA5AC068531842AB2C4940,TOWER:TOWER:C572886,Fixed,IPL,,,SWCRSK,,WLDCSK02,SASKTEL,,,,,,
Structure1_WGS84/68662,01010000000428DDFB930D5AC038B127F1E1784940,TOWER:FIXED::12503566,Fixed,IPL,,,CUPRSK,CUPRSK01,CUPRSK01,SaskTel,1978,,,,,
Structure1_WGS84/71001,01010000003CB17CCDFA2B5AC060BC2125E73D4940,OWER:TOWER::10743242,Fixed,IPL,,,REGNSK,REGOSKOA,REGNSK04,SASKTEL,2020,,,,0000,807815
Structure1_WGS84/71922,010100000084CC3C890D2A5AC0E0AC2694AD3C4940,TOWER:FIXED::12023579,Fixed,IPL,,,REGNSK,REGOSKVD,REGNSK04,SaskTel,2022,,,,0000,816777
Structure1_WGS84/73645,0101000000647368A0D8245AC008624E47B53C4940,TOWER:FIXED::12363090,Fixed,IPL,,,REGNSK,REGNSK12,REGNSK12,SaskTel,2013,,,,,
Structure1_WGS84/73852,010100000014F9283551255AC0484196F667394940,TOWER:TOWER:C183721,Fixed,IPL,,,REGNSK,,REGNSK01,SASKTEL,,,,,,
Structure1_WGS84/73853,010100000058979CD8985C5AC058C08159B9914940,TOWER:TOWER:C83489,Fixed,IPL,,,LBRTSK,LBRTSK04,LBRTSK02,SASKTEL,,,,,,
Structure1_WGS84/73854,010100000040EEB2F733085AC0D8F5BF545A114940,TOWER:TOWER:C74094,Fixed,IPL,,,SDLYSK,LJRDSK02,SDLYSK02,SASKTEL,,,,,,
Structure1_WGS84/73855,01010000002C62D5A93D4F5AC0E8DD65E7367D4940,TOWER:TOWER:C75455,Fixed,IPL,,,HLDFSK,SIBHSK01,HLDFSK01,SASKTEL,,,,,,
Structure1_WGS84/73856,0101000000B0ECB6FCE1BE59C0183225CCD3144940,TOWER:TOWER:C157769,Fixed,IPL,,,WNDTSK,PBLSSK01,WNDTSK01,SASKTEL,,,,,,
Structure1_WGS84/74405,01010000008CF5E1148E1E5AC0C0D33FB61C394940,TOWER:FIXED::12467724,Fixed,IPL,,,REGNSK,REGNSKQ0017,REGNSK46,SaskTel,1991,,,,,
Structure1_WGS84/76304,0101000000B8CADD5E87275AC01004A93010394940,TOWER:FIXED::12510300,Fixed,IPL,,,REGNSK,REGOSKMM,REGNSK01,SaskTel,2013,,,,,
Structure1_WGS84/79094,01010000006CB92FA479385AC0D0A3D341FE4B4940,TOWER:FIXED::12367245,Fixed,IPL,,,LMSDSK,LMSDSK03,LMSDSK03,SaskTel,2006,,,,,
Structure1_WGS84/79095,01010000004858C76319E859C0A01482C94B594940,TOWER:FIXED::12367249,Fixed,IPL,,,FTQPSK,KWBHSK01,KWBHSK01,SaskTel,2008,,,,,
Structure1_WGS84/79186,010100000064E9A0D111295AC0205156E3973D4940,TOWER:TOWER:D7295210,Fixed,IPL,,,REGNSK,,REGNSK04,SASKTEL,,,,,,
Structure1_WGS84/79188,01010000005053D94AC42D5AC01829AAD75D0D4940,TOWER:TOWER:C135271,Fixed,IPL,,,WLCXSK,WLCXSK02,WLCXSK01,SASKTEL,,,I NE19-13-20-W2 CELL,,,
Structure1_WGS84/79189,010100000000CDD8B1A0375AC0C0AAB5C8A7794940,TOWER:TOWER:C107481,Fixed,IPL,,,STBGSK,BULYSK01,BULYSK04,SASKTEL,,,I BULYEA RADIO SITE,,,
Structure1_WGS84/79211,0101000000B8116C156AB85AC020C847E6AC0D4940,TOWER:TOWER:C508674,Fixed,IPL,,,HDVLSK,HDVLSK02,HDVLSK01,SASKTEL,,,,,,
Structure1_WGS84/79212,0101000000A81A2EB944BE5AC0D8612B592F114940,TOWER:TOWER:C508774,Fixed,IPL,,,HDVLSK,HDVLSK03,HDVLSK01,SASKTEL,,,,,,
Structure1_WGS84/79216,01010000001C4C183A27F85AC070BEB89188274940,TOWER:TOWER:C550321,Fixed,IPL,,,SWCRSK,CKCK TOWER,SWCRSK22,SASKTEL,,CKCK TOWER,,,,
Structure1_WGS84/79217,010100000014D833E94EF25AC030D1D32C02274940,TOWER:TOWER:C572035,Fixed,IPL,,,SWCRSK,SWCRSK78,SWCRSK02,SASKTEL,,,,,,
Structure1_WGS84/79385,0101000000FCE117F91D3F5AC0487D18E297654940,TOWER:FIXED::12407281,Fixed,IPL,,,RGBHSK,RGBHSK01,RGBHSK01,SaskTel,1993,,,,,
Structure1_WGS84/81016,0101000000B02366DA642B5AC0B046F1223A3F4940,TOWER:FIXED::12811722,Fixed,IPL,REGN821297,,REGNSK,REGOSKAV,REGNSK04,SASKTEL,2024,,,,0000,821297
Structure1_WGS84/81200,01010000005438FD64C2E55AC06803981B142E4940,TOWER:FIXED::12349330,Fixed,IPL,,,SWCRSK,WLDCSK02,WLDCSK02,SASKTEL,2019,,,,,
Structure1_WGS84/81418,01010000002C54016E2B285AC060D79EE203364940,TOWER:FIXED::12284698,Fixed,IPL,,,REGNSK,REGOSKNR,REGNSK03,SaskTel,2022,43.75m,,,0000,818378
Structure1_WGS84/84301,0101000000988C6F97D9595BC000A101D1206D4940,TOWER:FIXED::12363092,Fixed,IPL,,,PRLTSK,PRLTSK01,PRLTSK01,SaskTel,2019,,,,,
Structure1_WGS84/84502,0101000000CC663DCB1F3F5AC0E8450AF804684940,TOWER:TOWER:C124354,Fixed,IPL,,,LMSDSK,RGBHSK02,SABHSK01,SASKTEL,,,,,,
Structure1_WGS84/84529,0101000000B446D4A98A425BC068E0789282034940,TOWER:TOWER:C525383,Fixed,IPL,,,PIPTSK,,PIPTSK01,SASKTEL,,,,,,
Structure1_WGS84/84530,0101000000005F3B9297F25AC09813C4184F2B4940,TOWER:TOWER:C550313,Fixed,IPL,,,SWCRSK,,SWCRSK02,SASKTEL,,,,,,
Structure1_WGS84/86732,010100000050410B2A46295AC0700D24764D334940,TOWER:FIXED::12349666,Fixed,IPL,,,REGNSK,REGOSKDU,REGNSK03,SaskTel,2010,,,,,
Structure1_WGS84/87428,0101000000D861797BA3215AC0F8BFEDED7C3B4940,TOWER:FIXED::11405642,Fixed,IPL,,,REGNSK,REGOSKNJ,REGNSK46,SaskTel,2021,,,,,
Structure1_WGS84/88653,010100000030CBA00541255AC0E016FB51E8374940,TOWER:FIXED::6776794,Fixed,IPL,,,REGNSK,,REGNSK01,SaskTel,2014,,,,0010,969889
Structure1_WGS84/88654,010100000064D2B31441255AC0B0D542BCFA374940,TOWER:FIXED::6776795,Fixed,IPL,,,REGNSK,,REGNSK01,SaskTel,2014,,,,0010,969889
Structure1_WGS84/88734,01010000001488A60512295AC0F010D1E596374940,TOWER:FIXED::12193818,Fixed,IPL,,,REGOSKLV,REGOSKLV,REGNSK03,SaskTel,2022,,,,,
Structure1_WGS84/89740,0101000000B017C503CEDC59C0A8707B24533D4940,TOWER:FIXED::12363086,Fixed,IPL,,,SNTLSK,SNTLSK01,SNTLSK01,SaskTel,2019,,,,,
Structure1_WGS84/89741,010100000074458993E4005AC080A1E4CEBF154940,TOWER:FIXED::12363088,Fixed,IPL,,,SDLYSK,SDLYSK02,SDLYSK02,SaskTel,2018,,,,,
Structure1_WGS84/89914,010100000034DD39344F235AC0A0CB0F87A53B4940,TOWER:TOWER:C236962,Fixed,IPL,,,REGNSK,,REGNSK46,SASKTEL,2012,,,,0010,962060
Structure1_WGS84/89915,0101000000CCA770FF4F305AC0382D6D155D394940,TOWER:TOWER:C205403,Fixed,IPL,,,REGNSK,,REGNSK01,SASKTEL,,,,,,
Structure1_WGS84/89916,0101000000148128CD232B5AC09078EF6B8E304940,TOWER:TOWER:C249191,Fixed,IPL,,,REGNSK,,REGNSK03,SASKTEL,,,,,,
Structure1_WGS84/89917,0101000000B0E69CDFFD225AC01053944BE3324940,TOWER:TOWER:C305889,Fixed,IPL,,,REGNSK,,REGNSK03,SASKTEL,,,,,,
Structure1_WGS84/89918,010100000084C6BA88B44A5AC0788E20E669344940,TOWER:TOWER:C73085,Fixed,IPL,,,PENSSK,BLLPSK03,STBHSK02,SASKTEL,,,,,,
Structure1_WGS84/89941,010100000024DE97B9D45D5BC0C05AB5D8DE274940,TOWER:TOWER:C571178,Fixed,IPL,,,FXVYSK,FXVYSK02,FXVYSK01,SASKTEL,,,,,,
Structure1_WGS84/92068,0101000000A0B4C7A3E5BE59C0D8C8325A0DF94840,TOWER:TOWER:C163351,Fixed,IPL,,,WNDTSK,,CRNGSK01,SASKTEL,,,,,,
Structure1_WGS84/92130,010100000088DFFDB9D4765BC0501A5B56C1CB4840,TOWER:FIXED::12435084,Fixed,IPL,,,MPCKSK,,MPCKSK03,SaskTel,2021,,,,,
Structure1_WGS84/94568,01010000001476D92EDB295AC0B8BA0ED514394940,TOWER:FIXED::12348376,Fixed,IPL,,,REGNSK,REGOSKMW,REGNSK01,SaskTel,2013,,,,,
Structure1_WGS84/94569,01010000004CD5986BEC3C5BC0D8AF62C85CC04840,TOWER:FIXED::12349324,Fixed,IPL,,,ESNDSK,ESNDSK02,ESNDSK01,SaskTel,1968,,,,,
Structure1_WGS84/95217,01010000005C1552C5071F5AC018DE5175E5F84840,TOWER:TOWER:C98747,Fixed,IPL,,,MLSTSK,MLSTSK02,MLSTSK01,SASKTEL,,,,,,
Structure1_WGS84/95218,0101000000A099AD10A4375AC0A89C06E4C9544940,TOWER:TOWER:C103448,Fixed,IPL,,,LMSDSK,LMSDSK02,LMSDSK01,SASKTEL,,,,,,
Structure1_WGS84/95219,01010000007C351633F39359C0287853FCA5094940,TOWER:TOWER:C167780,Fixed,IPL,,,KNDYSK,LGBKSK01,KNDYSK01,SASKTEL,,,,,,
Structure1_WGS84/97350,01010000000457E5E78BC25AC018F11DCF03354940,TOWER:FIXED::12383294,Fixed,IPL,,,MORSSK,,MORSSK01,SaskTel,2018,,,,,
Structure1_WGS84/99173,0101000000288C3C2F462B5AC000F131FA3F3A4940,TOWER:FIXED::6735546,Fixed,IPL,,,REGNSK,,REGNSK01,SaskTel,2013,,,,0010,968728
Structure1_WGS84/100144,010100000014A5A2B64F195BC09802C48ABE9A4840,TOWER:FIXED::12399569,Fixed,IPL,,,CLMXSK,CLMXSK01,CLMXSK01,SaskTel,1967,,,,,
Structure1_WGS84/100424,010100000098DC9FC0F8395AC038659C6359184940,TOWER:FIXED::12375266,Fixed,IPL,,,ROULSK,ROULSK01,ROULSK01,SaskTel,1994,,,,,
Structure1_WGS84/100505,0101000000301DAE93C2DC59C0A8A3EF4A1F1C4940,TOWER:TOWER:C170413,Fixed,IPL,,,MTMRSK03,,MTMRSK02,SASKTEL,,,,,,
Structure1_WGS84/100506,0101000000CCF2A49B70D259C01028251B47374940,TOWER:TOWER:C170921,Fixed,IPL,,,WLSLSK,WLSLSK02,WLSLSK01,SASKTEL,,,,,,
Structure1_WGS84/100531,0101000000304D69E138305BC0D03A31F8AF644940,TOWER:TOWER:C502706,Fixed,IPL,,,ABBYSK,ABBYSK05,ABBYSK01,SASKTEL,,,,,,
Structure1_WGS84/100533,010100000068F4148019F55AC0C0D46CDEEB264940,TOWER:TOWER:C541056,Fixed,IPL,,,SWCRSK,SWCRSK08,SWCRSK02,SASKTEL,,,,,,
Structure1_WGS84/105272,0101000000D0BF6E2224DF5AC0D0CD4C3D46DF4840,TOWER:FIXED::12379740,Fixed,IPL,,,PNTXSK,PNTXSK01,PNTXSK01,SaskTel,2003,,,,,
Structure1_WGS84/105472,01010000009806AA1E27275AC068E6554C4E3A4940,TOWER:FIXED::6837277,Fixed,IPL,,,REGNSK,REGOSKMY,REGNSK01,SaskTel,2013,,,,0010,968109
Structure1_WGS84/105666,01010000000C419EF51A515BC0C8C9D4FC2F6E4940,TOWER:FIXED::12375262,Fixed,IPL,,,SCPTSK,SCPTSK01,SCPTSK01,SaskTel,2019,,,,,
Structure1_WGS84/105756,0101000000FC3A6D165A215AC0D821B64278354940,TOWER:TOWER:C189740,Fixed,IPL,,,REGNSK,,REGNSK45,SASKTEL,,,,,,
Structure1_WGS84/105757,010100000088735FC41A2F5AC08844C7991C3E4940,TOWER:TOWER:C218231,Fixed,IPL,,,REGNSK,,REGNSK04,SASKTEL,,,,,,
Structure1_WGS84/105758,010100000004A3259EF2FB59C040FA5C6393784940,TOWER:TOWER:C99847,Fixed,IPL,,,DYSRSK,DYSRSK02,DYSRSK01,SASKTEL,,,I DYSRSK02 CELL,,,
Structure1_WGS84/105759,0101000000204D17BD2E345AC0A06038D7F0594940,TOWER:TOWER:C160994,Fixed,IPL,,,LMSDSK,,CRVNSK04,SASKTEL,,,,,,
Structure1_WGS84/105778,01010000000CCB069CDC285AC0E84CBBB43B3A4940,TOWER:TOWER::7114076,Fixed,IPL,,,REGNSK,,REGNSK01,SASKTEL,2012,,,,0010,964800
Structure1_WGS84/105786,0101000000204A6C58220C5BC0C00F49927F154940,TOWER:TOWER:C512258,Fixed,IPL,,,WEBBSK,WEBBSK02,WEBBSK02,SASKTEL,,,,,,
Structure1_WGS84/105852,0101000000F0B01D7AF51E5BC030791264060C4940,TOWER:FIXED::12395424,Fixed,IPL,,,GLLKSK,GLLKSK01,GLLKSK01,SaskTel,2019,,,,,
Structure1_WGS84/111133,0101000000B42850174B2D5AC0689F96A5F1194940,TOWER:TOWER:C193976,Fixed,IPL,,,REGNSK,,ESTLSK01,SASKTEL,,,,,,
Structure1_WGS84/111134,0101000000D40638CE576C59C0C8970031064E4940,TOWER:TOWER:C165457,Fixed,IPL,,,SYHLSK,,SYHLSK02,SASKTEL,,,,,,
Structure1_WGS84/111135,01010000001409FBE32E7659C0681944390B464940,TOWER:TOWER:C151823,Fixed,IPL,,,TNTLSK,,TNTLSK01,SASKTEL,,,,,,
Structure1_WGS84/111136,0101000000B062623A276E59C0D03863BEDA174940,TOWER:TOWER:C148899,Fixed,IPL,,,MSMNSK,MSMNSK02,MSMNSK01,SASKTEL,,,,,,
Structure1_WGS84/111162,0101000000D03C9E9B182F5BC0E08C16E4CA094940,TOWER:TOWER:C530519,Fixed,IPL,,,TPKNSK,TPKNSK02,TPKNSK01,SASKTEL,,,,,,
Structure1_WGS84/111163,010100000084B8286974105BC0C0039E49D54C4940,TOWER:TOWER:C518821,Fixed,IPL,,,CABRSK,CABRSK03,CABRSK01,SASKTEL,,,,,,
Structure1_WGS84/111216,0101000000CCB6AC58E2F759C08086B39FA8444940,TOWER:FIXED::12420684,Fixed,IPL,,,QAPLSK,QAPLSK02,QAPLSK01,SaskTel,2009,,,,,
Structure1_WGS84/113288,01010000006C5F0C87131C5AC08896CAB50A154940,TOWER:FIXED::12430925,Fixed,IPL,,,RCTNSK,,RCTNSK01,SaskTel,2020,,,,,
Structure1_WGS84/113555,010100000084ADBF7647235AC0D05E958F4D374940,TOWER:FIXED::13132059,Fixed,IPL,,,REGNSK,,REGNSK45,SaskTel,2023,45.7m,,,0000,819162
Structure1_WGS84/113881,01010000002CC33D9EAF245AC0381B7675CD364940,TOWER:FIXED::7867037,Fixed,IPL,,,REGNSK,,REGNSK01,SaskTel,2014,,,,0010,973881
Structure1_WGS84/113882,010100000024845A486A285AC000E6694C8A3E4940,TOWER:FIXED::12282122,Fixed,IPL,,LACC_ATRENCH_F,REGNSK,,REGNSK04,SaskTel,2023,43.75m,,,0000,818363
Structure1_WGS84/116468,01010000001C7882EBB44A5AC0D8970FEF56434940,TOWER:FIXED::12403410,Fixed,IPL,,,PENSSK,STBHSK01,STBHSK02,SaskTel,1964,,,,,
Structure1_WGS84/116474,010100000024489D6749285AC0402D2E443D064940,OWER:TOWER::10623244,Fixed,IPL,,,MLSTSK,,MLSTSK01,SASKTEL,2019,,,,,
Structure1_WGS84/116498,010100000088088A1511355BC060814E2C23C04840,TOWER:TOWER:C572298,Fixed,IPL,,,ESNDSK,ESNDSK03,ESNDSK01,SASKTEL,,,I SKTL CELL SITE,,,
Structure1_WGS84/116500,0101000000BC262F288F165BC0B8B3882B5EDD4840,TOWER:TOWER:C516708,Fixed,IPL,,,SHNVSK,SHNVSK05,SHNVSK04,SASKTEL,,,,,,
Structure1_WGS84/118434,010100000070003A2298645BC0C098157318A54840,TOWER:FIXED::13355210,Fixed,IPL,,LACC_APLOWED_F,CNSLSK,CNSLSK04,CNSLSK03,SaskTel,2011,,,,,
Structure1_WGS84/118544,01010000003C5D75CE83C259C070E8FF524F324940,TOWER:TOWER:C137380,Fixed,IPL,,,GRNFSK,,GRNFSK01,SASKTEL,,,,,,
Structure1_WGS84/118640,0101000000442243ADFA775BC0C8BBDEFB70FB4840,TOWER:TOWER:C517160,Fixed,IPL,,,MPCKSK,CMNGSK02,HTTNSK01,SASKTEL,,,,,,
Structure1_WGS84/121817,010100000074931804B6275AC0E881E12C8A344940,TOWER:TOWER:C244493,Fixed,IPL,,,REGNSK,,REGNSK03,SASKTEL,,,,,,
Structure1_WGS84/121818,0101000000543489B905BB59C098F32F30082F4940,TOWER:TOWER:C171030,Fixed,IPL,,,GRNFSK,GRNFSK,GRNFSK01,SASKTEL,,,,,,
Structure1_WGS84/121819,01010000009070C8D618F259C098FEDD89F9634940,TOWER:TOWER:C164139,Fixed,IPL,,,FTQPSK,,FTQPSK01,SASKTEL,,,,,,
Structure1_WGS84/121846,0101000000D06C372442755BC090FABD4A87054940,TOWER:TOWER:C522124,Fixed,IPL,,,MPCKSK,,HTTNSK01,SASKTEL,,,,,,
Structure1_WGS84/121847,010100000000D752965A525BC0F894CAB882E14840,TOWER:TOWER:C533778,Fixed,IPL,,,MPCKSK,NKNTSK01,MPCKSK06,SASKTEL,,,,,,
Structure1_WGS84/121848,01010000002003F53D55F15AC0C8505F4D60244940,TOWER:TOWER:C571637,Fixed,IPL,,,SWCRSK,SWCRSKBV,SWCRSK02,SASKTEL,,,,,,
Structure1_WGS84/121896,0101000000F818959CDF8459C0A024CC3DAF384940,TOWER:FIXED::12435738,Fixed,IPL,,,WHWDSK,CLDGSK01,WHWDSK01,SaskTel,2020,,,,,
Structure1_WGS84/124065,010100000058410DBE34EC59C05059A143FE204940,TOWER:TOWER::13142013,Fixed,IPL,,,ODSSSK,,ODSSSK01,SASKTEL,2013,,,,0010,969614
Structure1_WGS84/126520,0101000000F8504E26C1275AC020DF76BF8F424940,TOWER:FIXED::12349667,Fixed,IPL,,,REGNSK,REGNSK96,REGNSK04,SaskTel,2005,,,,,
Structure1_WGS84/127232,0101000000B0F9FA5246115AC088C5DE14E13E4940,TOWER:TOWER:C129904,Fixed,IPL,,,BLGNSK,,BLGNSK01,SASKTEL,,TOWER,,,,
Structure1_WGS84/127233,0101000000C47024B964F259C0482DAC0C04644940,TOWER:TOWER:C164086,Fixed,IPL,,,FTQPSK,SE 18-21-13 W2,FTQPSK01,SASKTEL,,,,,,
Structure1_WGS84/127234,010100000034B469BBF5365AC0487B8855228C4940,TOWER:TOWER:C150689,Fixed,IPL,,,STBGSK,STBGSK03,STBGSK01,SASKTEL,,,,,,
Structure1_WGS84/127235,010100000040C7BA2AA3595AC0B885C094B8634940,TOWER:TOWER:C95572,Fixed,IPL,,,BTHNSK,FNDLSK02,BTHNSK02,SASKTEL,,,,,,
Structure1_WGS84/127256,0101000000E0DDE7B1935D5BC0B8157700A7414940,TOWER:TOWER:C529636,Fixed,IPL,,,FXVYSK,FXVYSK03,FXVYSK01,SASKTEL,,,,,,
Structure1_WGS84/127259,010100000070DF971EE0035BC088444E8A4FE94840,TOWER:TOWER:C522238,Fixed,IPL,,,SHNVSK,ADMRSK02,ADMRSK02,SASKTEL,,,,,,
Structure1_WGS84/127261,0101000000AC93EB87A7215AC020A82352A3494940,TOWER:TOWER::7501963,Fixed,IPL,,,REGNSK,,REGNSK04,SASKTEL,2014,,,,0010,973431
Structure1_WGS84/127337,0101000000288D499333C959C0B8ABE0EFCB184940,TOWER:FIXED::12395423,Fixed,IPL,,,GLNVSK,GLNVSK01,GLNVSK01,SaskTel,2018,,,,,
Structure1_WGS84/127798,0101000000905AC826702A5AC088F8EEC62A414940,TOWER:FIXED::11530446,Fixed,IPL,,,REGNSK,REGOSKNK,REGNSK04,SaskTel,,,,,,
Structure1_WGS84/129246,01010000001C75271784F15AC0B8C335CA7C244940,TOWER:TOWER:C571633,Fixed,IPL,,,SWCRSK,,SWCRSK02,SASKTEL,,,,,,
Structure1_WGS84/129255,010100000040082DC3F6F25AC0683C82CF5A264940,TOWER:FIXED::9388412,Fixed,IPL,,,SWCRSK,SWCRSKCD,SWCRSK02,SASKTEL,2017,,,,0000,801517
Structure1_WGS84/129274,010100000080AAAE9C4DF15AC0189FF7A301424940,TOWER:FIXED::12430929,Fixed,IPL,,,SWCRSK,LEINSK01,STVYSK02,SASKTEL,2020,,,,,
Structure1_WGS84/129401,01010000000864ED243FC25AC048B3D7FA633B4940,TOWER:TOWER:C503376,Fixed,IPL,,,MORSSK,,MORSSK01,SASKTEL,,,,,,
Structure1_WGS84/132573,010100000058E1901FA7125BC0A0A8D039F2694940,TOWER:TOWER:C557425,Fixed,IPL,,,KYLESK,,WTBRSK02,SASKTEL,,,,,,
Structure1_WGS84/132602,01010000005051D9D6CD305BC038F8409A8DE64840,TOWER:TOWER:D8029514,Fixed,IPL,,,ESNDSK,SHNVSK09,ESNDSK01,SASKTEL,,,,,,
Structure1_WGS84/132604,0101000000DCE1DE4BAD1C5BC0A08941B1ACB94840,TOWER:TOWER:C513763,Fixed,IPL,,,SHNVSK,SHNVSK08,SHNVSK03,SASKTEL,,,,,,
Structure1_WGS84/132605,0101000000C81B62E706DF5AC0083DCDFCFC0E4940,TOWER:TOWER:C570116,Fixed,IPL,,,SWCRSK,BLMNSK02,WYMRSK02,SASKTEL,,,,,,
Structure1_WGS84/132608,010100000074F3B5B08CD959C0F0D30CA4A9784940,TOWER:TOWER::9938442,Fixed,IPL,,,BLCRSK,,PSIRSK01,SASKTEL,,,,,,
Structure1_WGS84/132666,010100000050E9830C742D5AC0C83F43D7FC774940,TOWER:FIXED::12395429,Fixed,IPL,,,ERGRSK,ERGRSK01,ERGRSK01,SaskTel,2018,,,,,
Structure1_WGS84/136783,0101000000E0F716A6542A5AC0883CE4FB5C3F4940,TOWER:FIXED::12034763,Fixed,IPL,,,REGNSK,REGOSKVC,REGNSK04,SaskTel,2022,,,,0000,816775
Structure1_WGS84/136791,010100000078BBA4B84A225AC0E85FE57FDB374940,TOWER:FIXED::6931034,Fixed,IPL,,,REGNSK,,REGNSK45,SaskTel,2014,,,,0010,968761
Structure1_WGS84/136792,0101000000603E6F164E225AC040998162D5374940,TOWER:FIXED::6931038,Fixed,IPL,,,REGNSK,,REGNSK45,SaskTel,2014,,,,0010,968761
Structure1_WGS84/137249,0101000000708441D629255AC05059E1F148344940,TOWER:FIXED::12638922,Fixed,IPL,,LACC_ATRENCH_F,REGNSK,REGNSK62,REGNSK71,SaskTel,2023,,,,,
Structure1_WGS84/137523,01010000002C4EA534759659C0D05E6DC7BF014940,TOWER:FIXED::12393164,Fixed,IPL,,,KNDYSK,KNDYSK01,KNDYSK01,SaskTel,2019,,,,,
Structure1_WGS84/137673,010100000050B43D3D409959C0586DA05B903C4940,TOWER:FIXED::12350926,Fixed,IPL,,,BRVWSK,OCIRSK01,OCIRSK01,SaskTel,2011,,,,,
Structure1_WGS84/137937,010100000054C0E9CF51365AC040C5C3DEB8724940,OWER:TOWER::10753850,Fixed,IPL,,,STBGSK,GBBSAK02,BULYSK04,SASKTEL,2020,,,,0000,808144
Structure1_WGS84/137959,01010000005C49CE96C7405BC0D884530AAD044940,TOWER:TOWER:C529637,Fixed,IPL,,,PIPTSK,SDWDSK01,PIPTSK01,SASKTEL,,,,,,
Structure1_WGS84/137960,01010000003C0DFECF78F55AC06095CC9D18274940,TOWER:TOWER:C557042,Fixed,IPL,,,SWCRSK,SWCRSK1H003,SWCRSK02,SASKTEL,,,,,,
Structure1_WGS84/137961,0101000000682105A5410E5BC08088C03D012F4940,TOWER:TOWER:C570941,Fixed,IPL,,,SWCRSK,ANTPSK01,SCCSSK02,SASKTEL,,,,,,
Structure1_WGS84/138099,010100000018B0093BB56C59C00085509E2C314940,TOWER:FIXED::12488203,Fixed,IPL,,,RCVLSK,RCVLSK01,RCVLSK01,SaskTel,1967,,,,,
Structure1_WGS84/139839,0101000000D838B57528285AC03898879847374940,TOWER:TOWER::13177869,Fixed,IPL,,LACC_ATRENCH_F,REGNSK,REGOSK34,REGNSK03,SASKTEL,2024,,,,0000,824139
Structure1_WGS84/143192,010100000060F6989910265AC068D4E076DB3F4940,TOWER:TOWER:C299871,Fixed,IPL,,,REGNSK,,REGNSK12,SASKTEL,2012,,,,0010,962872
Structure1_WGS84/143194,01010000007CD4455BAC4D5AC098B9C70CB35B4940,TOWER:TOWER:C159591,Fixed,IPL,,,BTHNSK,BTHNSK03,BTHNSK02,SASKTEL,,,,,,
Structure1_WGS84/143212,01010000009C7C5E177CD05AC018B1C3C334F34840,TOWER:TOWER:C570943,Fixed,IPL,,,VNGRSK,VNGRSK02,VNGRSK01,SASKTEL,,,,,,
Structure1_WGS84/143215,0101000000443991933B615BC09068A18838D34840,TOWER:TOWER:C573362,Fixed,IPL,,,MPCKSK,CYHLSK03,CYHLSK03,SASKTEL,,,,,,
Structure1_WGS84/143216,0101000000387344FB8E5D5BC0D8D439A6F1F74840,TOWER:TOWER:C573383,Fixed,IPL,,,MPCKSK,,MPCKSK01,SASKTEL,,,,,,
Structure1_WGS84/143217,010100000004E4591C4ADE5AC04831400F66364940,TOWER:TOWER:C533078,Fixed,IPL,,,SWCRSK,RSLKSK01,WLDCSK02,SASKTEL,,,,,,
Structure1_WGS84/143283,01010000000838B1ABFC275AC088BE6ABB423C4940,TOWER:FIXED::11530447,Fixed,IPL,,,REGNSK,REGOSKNI,REGNSK04,SaskTel,,,,,,
Structure1_WGS84/145572,0101000000003C55FD8BD959C04075D487646A4940,OWER:TOWER::10639562,Fixed,IPL,,,ABRNSK,,ABRNSK01,SASKTEL,2020,,,,0000,807665
Structure1_WGS84/145574,01010000007C111358696059C0E0D13D8DA9EB4840,OWER:TOWER::10697483,Fixed,IPL,,,MYFDSK,,MYFDSK01,SASKTEL,2020,,,,0000,807788
Structure1_WGS84/147670,01010000000C7AB8E237295AC020811C5A853B4940,OWER:FIXED::10813002,Fixed,IPL,,,REG0SKVV,,REGNSK04,SaskTel,2020,,,,0000,808604
Structure1_WGS84/148016,0101000000846ED3F855025BC0E03A05E7B66A4940,TOWER:FIXED::12393162,Fixed,IPL,,,KYLESK,KYLESK01,KYLESK01,SaskTel,1963,,,,,
Structure1_WGS84/148444,0101000000F029EB2AC9EC59C000720DC94F454940,TOWER:TOWER:C170794,Fixed,IPL,,,INHDSK,INHDSK02,INHDSK01,SASKTEL,,,,,,
Structure1_WGS84/148445,0101000000B4B1FA9F737D59C018AD3B34F1214940,TOWER:TOWER:C170499,Fixed,IPL,,,WPLLSK,WPLLSK02,WPLLSK01,SASKTEL,,,,,,
Structure1_WGS84/148467,0101000000F055ABDC8FF95AC04886C97F81524940,TOWER:TOWER:C529783,Fixed,IPL,,,SWCRSK,STVYSK03,STVYSK02,SASKTEL,,,,,,
Structure1_WGS84/148523,01010000007897CA5C52265BC000C26B2A1A334940,TOWER:FIXED::12395418,Fixed,IPL,,,HZLTSK,HZLTSK01,HZLTSK01,SaskTel,1987,,,,,
Structure1_WGS84/150743,0101000000B48BBFA654335AC0C07394953C494940,TOWER:TOWER::12492362,Fixed,IPL,,TRNS_APLOWED_F,REGNSK,CONDSK03,CONDSK03,SASKTEL,2023,,,,0000,819546
Structure1_WGS84/151298,0101000000F4C8B47058265AC0280BF02E2E364940,TOWER:FIXED::12810127,Fixed,IPL,,,REGNSK,,REGNSK03,SaskTel,2023,,,,0000,821191
Structure1_WGS84/153050,01010000002CC7080169245AC0E0BA18263A384940,TOWER:FIXED::6760506,Fixed,IPL,,,REGNSK,REGOSKNH,REGNSK01,SaskTel,2014,,,,0010,969785
Structure1_WGS84/153385,0101000000AC9C71A5D42E5AC0004EC2CE12B44940,TOWER:FIXED::12373326,Fixed,IPL,,,SMNSSK,SMNSSK01,SMNSSK01,SaskTel,2019,,,,,
Structure1_WGS84/153815,0101000000AC05D11B0D335AC0600DC594BD5B4940,TOWER:TOWER:C124748,Fixed,IPL,,,LMSDSK,CRVNSK02,CRVNSK04,SASKTEL,,,,,,
Structure1_WGS84/153837,010100000010C25EB962505BC008F87262B9974840,TOWER:TOWER:C536623,Fixed,IPL,,,CNSLSK,DIVDSK01,CNSLSK03,SASKTEL,,,,,,
Structure1_WGS84/153838,01010000009421D54ADD175BC050FDA8C5E1074940,TOWER:TOWER:C515444,Fixed,IPL,,,GLLKSK,,GLLKSK01,SASKTEL,,,,,,
Structure1_WGS84/153839,01010000009871544D34F85AC04816FFFDFDE04840,TOWER:TOWER:C573397,Fixed,IPL,,,SHNVSK,ADMRSKR6000,ADMRSK03,SASKTEL,,,,,,
Structure1_WGS84/153840,0101000000DC643AC541F35AC0008934312A264940,TOWER:TOWER::7390302,Fixed,IPL,,,SWCRSK,SWCRSKCG,SWCRSK02,SASKTEL,2013,,,,0010,971234
Structure1_WGS84/158913,0101000000601BFDD7D55E5BC0289440486BF44840,TOWER:FIXED::12383293,Fixed,IPL,,,MPCKSK,MPCKSK01,MPCKSK01,SaskTel,2003,,,,,
Structure1_WGS84/159138,0101000000F86BE939F8255AC0D0C227D5B2324940,TOWER:TOWER:C196649,Fixed,IPL,,,REGNSK,,REGNSK03,SASKTEL,,,,,,
Structure1_WGS84/159139,0101000000D48989D5D8285AC0185D7036F83F4940,TOWER:TOWER::6603354,Fixed,IPL,,,REGNSK,,REGNSK04,SASKTEL,,,,,,
Structure1_WGS84/159140,0101000000EC0D19EA6B135AC048917B48A5A14940,TOWER:TOWER:C109951,Fixed,IPL,,,PNCHSK,GNIRSK02,GNIRSK01,SASKTEL,,,,,,
Structure1_WGS84/159141,0101000000344AB29CB11C5AC0909AC22C2F794940,TOWER:TOWER:C161123,Fixed,IPL,,,STHYSK,,STHYSK01,SASKTEL,,,,,,
Structure1_WGS84/159173,01010000000C7BFDF0C3F25AC060CBB636812B4940,TOWER:TOWER:C571468,Fixed,IPL,,,SWCRSK,,SWCRSK02,SASKTEL,,,,,,
Structure1_WGS84/159174,0101000000800BA0821DF45AC0F003378FD9234940,TOWER:TOWER:C573834,Fixed,IPL,,,SWCRSK,SWCRSK82,SWCRSK02,SASKTEL,2012,,,,0010,965264
Structure1_WGS84/159221,01010000001C4CDBD68E1E5AC040A403F222394940,TOWER:FIXED::12420690,Fixed,IPL,,,REGNSK,REGNSKQ0016,REGNSK46,SaskTel,1982,,,,,
Structure1_WGS84/164599,010100000024EDFF4947705BC098DCADA11E3A4940,TOWER:FIXED::12363091,Fixed,IPL,,,RCHMSK,RCHMSKQ0001,RCHMSK01,SaskTel,1995,,,,,
Structure1_WGS84/164605,0101000000349EBB9C33DC59C0083CAAB33D1A4940,TOWER:TOWER:C171159,Fixed,IPL,,,MTMRSK,,MTMRSK02,SASKTEL,,,,,,
Structure1_WGS84/164606,0101000000C4E731A42C235AC0101D602560394940,TOWER:TOWER:D7065370,Fixed,IPL,,,REGNSK,,REGNSK46,SASKTEL,,,,,,
Structure1_WGS84/164607,0101000000F005DF946F305AC0C02DDF9A3E424940,TOWER:TOWER:C249062,Fixed,IPL,,,REGNSK,,REGNSK04,SASKTEL,,,,,,
Structure1_WGS84/164608,010100000038A46FD70D265AC050B83645213D4940,TOWER:TOWER:C269691,Fixed,IPL,,,REGNSK,,REGNSK04,SASKTEL,,,,,,
Structure1_WGS84/164609,0101000000FC8CD75EF9BA59C028BFA8BE222F4940,TOWER:TOWER:C141483,Fixed,IPL,,,GRNFSK,GRNFSK02,GRNFSK01,SASKTEL,,,,,,
Structure1_WGS84/164610,01010000005C6C911CBF6259C0E0AC4333A43D4940,TOWER:TOWER:C125139,Fixed,IPL,,,RCVLSK,RCVLSKR0002,RCVLSK01,SASKTEL,,,,,,
Structure1_WGS84/164636,0101000000C4F42E25E5F65AC0987E8BE6F2994840,TOWER:TOWER:C498658,Fixed,IPL,,,VLMRSK,ORKNSK02,ORKNSK01,SASKTEL,,,,,,
Structure1_WGS84/164637,01010000003C9347818FE75AC0480E64EC6DA14840,TOWER:TOWER:C505377,Fixed,IPL,,,VLMRSK,VLMRSK03,VLMRSK01,SASKTEL,,,,,,
Structure1_WGS84/167391,010100000028F69F4E1C245AC098B93FD2383A4940,TOWER:FIXED::8598896,Fixed,IPL,,,REGNSK,REGOSKRF,REGNSK01,SaskTel,2015,,,,0010,980799
Structure1_WGS84/167680,0101000000385E9884DFD95AC088395EA72F324940,TOWER:FIXED::13295295,Fixed,PDA,HRBR825409-0000,,HRBRSK,RSLKSK02,HRBRSK01,SaskTel,2024,,,,0000,825409
Structure1_WGS84/168986,0101000000B0B047ABD1195AC070FD1CD59F384940,TOWER:FIXED::8535531,Fixed,IPL,,,REGNSK,,WHCYSK01,SaskTel,2015,,,,,
Structure1_WGS84/169595,01010000005CD9176647025AC0687F2D3DC7784940,TOWER:FIXED::12398330,Fixed,IPL,,,DYSRSK,DYSRSK01,DYSRSK01,SaskTel,2020,,,,,
Structure1_WGS84/169954,010100000098511AD458275AC058ADE3CAE95C4940,TOWER:TOWER:C214110,Fixed,IPL,,,REGNSK,,KNNLSK01,SASKTEL,,,,,,
Structure1_WGS84/169955,0101000000046D41082B425AC0B06E721B74024940,TOWER:TOWER:C141464,Fixed,IPL,,,AVNLSK,AVNLSK02,AVNLSK01,SASKTEL,,,,,,
Structure1_WGS84/169956,0101000000E4B45D57A23D5AC0D814E3F794324940,TOWER:TOWER:C75624,Fixed,IPL,,,PENSSK,,PENSSK01,SASKTEL,,,,,,
Structure1_WGS84/169957,0101000000EC2650A84D7F5AC010BF982327A44940,TOWER:TOWER:C94982,Fixed,IPL,,,DVSNSK,,DVSNSK03,SASKTEL,,,,,,
Structure1_WGS84/169958,010100000024DF1874D5FA59C0D0559F8A5F634940,TOWER:TOWER:C136655,Fixed,IPL,,,FTQPSK,PSLKSK02,FTQPSK01,SASKTEL,,,,,,
Structure1_WGS84/169984,01010000002084827DF4355BC0D0AD45B54F5C4940,TOWER:TOWER:C508103,Fixed,IPL,,,ABBYSK,,ABBYSK01,SASKTEL,,,,,,
Structure1_WGS84/170420,0101000000D4C1985F13755BC07858E6BC25EC4840,TOWER:FIXED::12456540,Fixed,IPL,,,MPCKSK,DNLKSK01,MPCKSK03,SaskTel,2021,,,,,
