id,name,in_structure,out_structure
ug_route/159127,OSP:FORSP::7349991,st_struct_vault/2411,mywcom_route_junction/20804
ug_route/159128,OSP:FORSP::7349992,mywcom_route_junction/20804,st_struct_pedestal/66885
ug_route/159129,OSP:CHOLE::7414532,st_struct_vault/2412,mywcom_route_junction/20852
ug_route/159130,OSP:BUSP::12358135,st_struct_pedestal/66939,st_struct_pedestal/66820
ug_route/159131,OSP:FORSP::14043573,st_struct_vault/2409,st_struct_pedestal/66841
ug_route/159132,OSP:FBSP::8078584,st_struct_pedestal/66961,st_struct_pedestal/66936
ug_route/159133,OSP:CHOLE::9884996,mywcom_route_junction/20876,st_struct_vault/2409
ug_route/159134,OSP:FBSP:C263861,mywcom_route_junction/20839,building/48684
ug_route/159135,OSP:BUSP::13344578,mywcom_route_junction/20813,building/48703
ug_route/159136,OSP:BUSP:C257056,mywcom_route_junction/20829,st_struct_pedestal/66852
ug_route/159137,OSP:BUSP::13342671,mywcom_route_junction/20845,building/48717
ug_route/159138,OSP:FBSP:C263857,mywcom_route_junction/20839,building/48703
ug_route/159139,OSP:FBSP:C263812,mywcom_route_junction/20836,building/48717
ug_route/159140,OSP:FBSP:C270547,mywcom_route_junction/20830,st_struct_pedestal/66978
ug_route/159141,OSP:BUSP:C256793,st_struct_pedestal/67014,st_struct_pedestal/66976
ug_route/159142,OSP:FBSP:C263558,mywcom_route_junction/20860,building/48716
ug_route/159143,OSP:BUSP::13344577,mywcom_route_junction/20813,building/48684
ug_route/159144,OSP:FORSP::7349988,st_struct_vault/2410,mywcom_route_junction/20797
ug_route/159145,OSP:FBSP:C263808,mywcom_route_junction/20836,building/48698
ug_route/159146,OSP:BUSP:C257013,mywcom_route_junction/20829,mywcom_route_junction/20833
ug_route/159147,OSP:BUSP::17046084,cabinet/2412,cabinet/2410
ug_route/159148,OSP:BUSP::13344570,mywcom_route_junction/20826,building/48701
ug_route/159149,OSP:BUSP:C270196,st_struct_pedestal/66825,st_struct_pedestal/66979
ug_route/159150,OSP:BUSP::12729845,st_struct_pedestal/66921,st_struct_pedestal/66840
ug_route/159151,OSP:BUSP::13342672,mywcom_route_junction/20845,building/48698
ug_route/159152,OSP:CHOLE::7414856,st_struct_vault/2413,mywcom_route_junction/20842
ug_route/159153,OSP:BUSP::16936917,st_struct_pedestal/67017,st_struct_pedestal/66878
ug_route/159154,OSP:FBSP::8079178,mywcom_route_junction/20823,building/48694
ug_route/159155,OSP:BUSP::12358650,mywcom_route_junction/20806,st_struct_pedestal/66978
ug_route/159156,OSP:BUSP::13310981,mywcom_route_junction/20803,building/48716
ug_route/159157,OSP:BUSP::12776329,mywcom_route_junction/20814,st_struct_pedestal/66944
ug_route/159158,OSP:BUSP::12358438,mywcom_route_junction/20820,st_struct_pedestal/67001
ug_route/159159,OSP:BUSP::13231609,mywcom_route_junction/20858,st_struct_pedestal/66927
ug_route/159160,OSP:BUSP::12358445,st_struct_pedestal/66825,st_struct_pedestal/66979
ug_route/159161,OSP:BUSP::16848356,st_struct_pedestal/66866,building/48692
ug_route/159162,OSP:FBSP:C263887,mywcom_route_junction/20832,building/48701
ug_route/159163,OSP:FBSP:C263871,st_struct_pedestal/66974,building/48696
ug_route/159164,OSP:FBSP:C263578,st_struct_pedestal/67009,building/48686
ug_route/159165,OSP:BUSP::12358362,mywcom_route_junction/20801,st_struct_pedestal/66928
ug_route/159166,OSP:FORSP::7349989,mywcom_route_junction/20797,st_struct_pedestal/66969
ug_route/159167,OSP:FBSP:C253887,mywcom_route_junction/20851,st_struct_pedestal/67001
ug_route/159168,OSP:BUSP:C270755,st_struct_pedestal/66830,mywcom_route_junction/20860
ug_route/159169,OSP:BUSP::13344574,st_struct_pedestal/66974,building/48696
ug_route/159170,OSP:BUSP:C261204,mywcom_route_junction/20855,st_struct_pedestal/66928
ug_route/159171,OSP:BUSP::12726036,cabinet/2413,st_struct_pedestal/66890
ug_route/159172,OSP:CHOLE::7414857,st_struct_vault/2413,mywcom_route_junction/20840
ug_route/159173,OSP:BUSP::12736016,st_struct_pedestal/66943,st_struct_pedestal/66843
ug_route/159174,OSP:BUSP::8492341,st_struct_pedestal/66996,mywcom_route_junction/20841
ug_route/159175,OSP:BUSP::8492933,cabinet/2411,cabinet/2409
ug_route/159176,OSP:FORSP::14391644,mywcom_route_junction/20844,st_struct_pedestal/66982
ug_route/159177,OSP:BUSP::12728945,st_struct_pedestal/66852,mywcom_route_junction/20798
ug_route/159178,OSP:FBSP:C262843,mywcom_route_junction/20799,building/48695
ug_route/159179,OSP:FORSP::7538075,mywcom_route_junction/20825,st_struct_pedestal/67017
ug_route/159180,OSP:BUSP::8444310,cabinet/2406,cabinet/2407
ug_route/159181,OSP:BUSP::12807929,mywcom_route_junction/20819,st_struct_pedestal/66834
ug_route/159182,OSP:FORSP::13990057,mywcom_route_junction/20844,cabinet/2412
ug_route/159183,OSP:BUSP::12358133,mywcom_route_junction/20854,st_struct_pedestal/66913
ug_route/159184,OSP:BUSP::14707780,cabinet/2407,st_struct_pedestal/66840
ug_route/159185,OSP:BUSP:C263554,mywcom_route_junction/20828,st_struct_pedestal/66830
ug_route/159186,OSP:BUSP::12730820,st_struct_pedestal/66896,mywcom_route_junction/20812
ug_route/159187,OSP:BUSP::12358419,st_struct_pedestal/66832,st_struct_pedestal/66995
ug_route/159188,OSP:FBSP:C273207,mywcom_route_junction/20863,st_struct_pedestal/66913
ug_route/159189,OSP:BUSP::8444308,cabinet/2407,st_struct_pedestal/66921
ug_route/159190,OSP:BUSP::13893054,mywcom_route_junction/20861,building/48707
ug_route/159191,OSP:BUSP::12736291,st_struct_pedestal/66859,st_struct_pedestal/67008
ug_route/159192,OSP:BUSP::12358451,mywcom_route_junction/20859,st_struct_pedestal/66912
ug_route/159193,OSP:FBSP:C257524,st_struct_pedestal/66873,st_struct_pedestal/67002
ug_route/159194,OSP:FBSP:C273270,mywcom_route_junction/20818,st_struct_pedestal/67011
ug_route/159195,OSP:BUSP::8706088,cabinet/2408,cabinet/2412
ug_route/159196,OSP:BUSP::13310980,building/48706,mywcom_route_junction/20803
ug_route/159197,OSP:FBSP:C260208,st_struct_pedestal/66949,building/48708
ug_route/159198,OSP:BUSP::8492355,pole/40459,mywcom_route_junction/20824
ug_route/159199,OSP:BUSP::8492340,pole/40422,mywcom_route_junction/20841
ug_route/159200,OSP:FBSP:C236697,st_struct_pedestal/67022,building/48715
ug_route/159201,OSP:FBSP:C263563,mywcom_route_junction/20860,building/48706
ug_route/159202,OSP:BUSP::12358054,mywcom_route_junction/20866,st_struct_pedestal/67011
ug_route/159203,OSP:BUSP:C201128,st_struct_pedestal/66921,st_struct_pedestal/66943
ug_route/159204,OSP:BUSP::12358655,st_struct_pedestal/66873,st_struct_pedestal/67002
ug_route/159205,OSP:FBSP:C236703,st_struct_pedestal/67022,building/48715
ug_route/159206,OSP:FBSP:C263510,mywcom_route_junction/20873,st_struct_pedestal/66835
ug_route/159207,OSP:BUSP::12736283,st_struct_pedestal/66908,st_struct_pedestal/66963
ug_route/159208,OSP:FBSP:C263642,st_struct_pedestal/66973,building/48689
ug_route/159209,OSP:BUSP::12736581,st_struct_pedestal/66978,st_struct_pedestal/66929
ug_route/159210,OSP:BUSP::12358365,st_struct_pedestal/66921,st_struct_pedestal/66943
ug_route/159211,OSP:BUSP::12730827,st_struct_pedestal/66939,mywcom_route_junction/20838
ug_route/159212,OSP:FBSP::8556477,mywcom_route_junction/20848,building/48711
ug_route/159213,OSP:BUSP::12736280,st_struct_pedestal/66836,st_struct_pedestal/66908
ug_route/159214,OSP:BUSP::12358966,mywcom_route_junction/20800,st_struct_pedestal/66881
ug_route/159215,OSP:BUSP::13231610,mywcom_route_junction/20858,mywcom_route_junction/20802
ug_route/159216,OSP:BUSP::13310985,building/48686,st_struct_pedestal/66877
ug_route/159217,OSP:BUSP::12807924,mywcom_route_junction/20812,mywcom_route_junction/20885
ug_route/159218,OSP:BUSP::12358367,st_struct_pedestal/66856,mywcom_route_junction/20837
ug_route/159219,OSP:BUSP::13345527,st_struct_pedestal/67015,building/48710
ug_route/159220,OSP:FBSP:C258571,mywcom_route_junction/20874,st_struct_pedestal/66881
ug_route/159221,OSP:FBSP:C259308,st_struct_pedestal/66856,mywcom_route_junction/20847
ug_route/159222,OSP:FBSP:C262597,st_struct_pedestal/66931,st_struct_pedestal/67024
ug_route/159223,OSP:BUSP::12358423,st_struct_pedestal/66953,st_struct_pedestal/66960
ug_route/159224,OSP:BUSP::12358433,mywcom_route_junction/20869,st_struct_pedestal/67006
ug_route/159225,OSP:FBSP:C254788,st_struct_pedestal/66953,mywcom_route_junction/20857
ug_route/159226,OSP:BUSP::12736009,st_struct_pedestal/67005,st_struct_pedestal/67023
ug_route/159227,OSP:BUSP:C237442,mywcom_route_junction/20807,pole/40425
ug_route/159228,OSP:BUSP::12358416,st_struct_pedestal/66924,st_struct_pedestal/66903
ug_route/159229,OSP:BUSP::12358358,mywcom_route_junction/20835,st_struct_pedestal/66855
ug_route/159230,OSP:BUSP::12736588,st_struct_pedestal/66845,st_struct_pedestal/66981
ug_route/159231,OSP:BUSP::12358996,st_struct_pedestal/66931,st_struct_pedestal/67024
ug_route/159232,OSP:BUSP::12358658,mywcom_route_junction/20806,st_struct_pedestal/66857
ug_route/159233,OSP:BUSP::12358058,st_struct_pedestal/66946,mywcom_route_junction/20810
ug_route/159234,OSP:FBSP:C254285,st_struct_pedestal/67006,mywcom_route_junction/20809
ug_route/159235,OSP:FBSP:C263601,st_struct_pedestal/67015,building/48710
ug_route/159236,OSP:FBSP:C257331,mywcom_route_junction/20817,st_struct_pedestal/66842
ug_route/159237,OSP:BUSP::13893050,st_struct_pedestal/66951,building/48687
ug_route/159238,OSP:FBSP:C253967,mywcom_route_junction/20867,st_struct_pedestal/66844
ug_route/159239,OSP:BUSP::12358434,mywcom_route_junction/20869,st_struct_pedestal/66895
ug_route/159240,OSP:FBSP:C259071,mywcom_route_junction/20805,st_struct_pedestal/66855
ug_route/159241,OSP:BUSP::12672324,mywcom_route_junction/20827,st_struct_pedestal/66914
ug_route/159242,OSP:FBSP:C267533,st_struct_pedestal/66965,st_struct_pedestal/66850
ug_route/159243,OSP:BUSP:C237407,mywcom_route_junction/20872,pole/40469
ug_route/159244,OSP:FBSP:C263092,st_struct_pedestal/66951,building/48687
ug_route/159245,OSP:BUSP::16118654,cabinet/2412,cabinet/2413
ug_route/159246,OSP:BUSP::12870340,mywcom_route_junction/20827,st_struct_pedestal/66914
ug_route/159247,OSP:FBSP:C262718,mywcom_route_junction/20830,st_struct_pedestal/66857
ug_route/159248,OSP:BUSP::12358016,mywcom_route_junction/20871,st_struct_pedestal/66835
ug_route/159249,OSP:FBSP:C263105,st_struct_pedestal/66951,building/48700
ug_route/159250,OSP:FBSP:C253943,mywcom_route_junction/20809,st_struct_pedestal/66895
ug_route/159251,OSP:BUSP::13345525,st_struct_pedestal/67012,building/48689
ug_route/159252,OSP:FBSP:C259107,st_struct_pedestal/66901,st_struct_pedestal/66952
ug_route/159253,OSP:FBSP::8079174,st_struct_pedestal/66936,st_struct_pedestal/66997
ug_route/159254,OSP:BUSP::13893048,st_struct_pedestal/66951,building/48700
ug_route/159255,OSP:BUSP::12736584,st_struct_pedestal/66929,st_struct_pedestal/66883
ug_route/159256,OSP:BUSP::12730609,mywcom_route_junction/20877,st_struct_pedestal/66842
ug_route/159257,OSP:FBSP:C259068,mywcom_route_junction/20805,st_struct_pedestal/66819
ug_route/159258,OSP:FBSP:C263464,st_struct_pedestal/66818,st_struct_pedestal/67007
ug_route/159259,OSP:BUSP:C263850,st_struct_pedestal/66973,st_struct_pedestal/66974
ug_route/159260,OSP:BUSP::12358429,mywcom_route_junction/20868,st_struct_pedestal/66844
ug_route/159261,OSP:BUSP::12358012,st_struct_pedestal/66887,mywcom_route_junction/20871
ug_route/159262,OSP:FBSP:C263153,building/48691,mywcom_route_junction/20848
ug_route/159263,OSP:FBSP:C259309,mywcom_route_junction/20847,st_struct_pedestal/66992
ug_route/159264,OSP:BUSP::13310982,mywcom_route_junction/20803,st_struct_pedestal/66910
ug_route/159265,OSP:BUSP::12736278,st_struct_pedestal/66881,st_struct_pedestal/66837
ug_route/159266,OSP:BUSP::12358056,st_struct_pedestal/66914,st_struct_pedestal/66946
ug_route/159267,OSP:BUSP::12733689,st_struct_pedestal/66904,st_struct_pedestal/66863
ug_route/159268,OSP:BUSP::12736277,st_struct_pedestal/66837,st_struct_pedestal/66862
ug_route/159269,OSP:BUSP::12358062,st_struct_pedestal/66965,st_struct_pedestal/66850
ug_route/159270,OSP:BUSP::12733685,st_struct_pedestal/66818,st_struct_pedestal/67007
ug_route/159271,OSP:FBSP:C263488,st_struct_pedestal/66887,mywcom_route_junction/20873
ug_route/159272,OSP:BUSP::12736013,st_struct_pedestal/66909,st_struct_pedestal/66817
ug_route/159273,OSP:BUSP::12736010,st_struct_pedestal/66884,st_struct_pedestal/67005
ug_route/159274,OSP:BUSP::12736589,st_struct_pedestal/66979,st_struct_pedestal/66962
ug_route/159275,OSP:BUSP::13342670,st_struct_pedestal/66833,mywcom_route_junction/20845
ug_route/159276,OSP:FBSP:C263473,st_struct_pedestal/66942,st_struct_pedestal/66818
ug_route/159277,OSP:BUSP::12734024,st_struct_pedestal/66905,st_struct_pedestal/66828
ug_route/159278,OSP:BUSP::12358359,mywcom_route_junction/20835,st_struct_pedestal/66819
ug_route/159279,OSP:BUSP::12358430,mywcom_route_junction/20868,st_struct_pedestal/66959
ug_route/159280,OSP:BUSP:C263805,st_struct_pedestal/66833,mywcom_route_junction/20836
ug_route/159281,OSP:BUSP::12358369,mywcom_route_junction/20837,st_struct_pedestal/66992
ug_route/159282,OSP:BUSP:C251907,st_struct_pedestal/66986,st_struct_pedestal/66865
ug_route/159283,OSP:BUSP::8937732,mywcom_route_junction/20853,st_struct_pedestal/66997
ug_route/159284,OSP:BUSP::12733686,st_struct_pedestal/66942,st_struct_pedestal/66818
ug_route/159285,OSP:BUSP::12730806,mywcom_route_junction/20864,mywcom_route_junction/20865
ug_route/159286,OSP:BUSP::12730605,mywcom_route_junction/20820,mywcom_route_junction/20870
ug_route/159287,OSP:BUSP:C256744,mywcom_route_junction/20833,st_struct_pedestal/67014
ug_route/159288,OSP:BUSP::12811188,st_struct_pedestal/66952,st_struct_pedestal/66968
ug_route/159289,OSP:FBSP:C253961,st_struct_pedestal/66959,mywcom_route_junction/20867
ug_route/159290,OSP:FBSP:C262652,st_struct_pedestal/66940,st_struct_pedestal/66999
ug_route/159291,OSP:FBSP:C259065,st_struct_pedestal/66829,mywcom_route_junction/20805
ug_route/159292,OSP:BUSP::12358059,mywcom_route_junction/20810,st_struct_pedestal/66971
ug_route/159293,OSP:FORSP::7266372,st_struct_vault/2408,mywcom_route_junction/20815
ug_route/159294,OSP:FBSP:C258800,st_struct_pedestal/66888,mywcom_route_junction/20874
ug_route/159295,OSP:BUSP:C262837,mywcom_route_junction/20799,mywcom_route_junction/20846
ug_route/159296,OSP:BUSP::12358352,st_struct_pedestal/66986,st_struct_pedestal/66865
ug_route/159297,OSP:BUSP::12730596,st_struct_pedestal/66985,mywcom_route_junction/20862
ug_route/159298,OSP:BUSP:C258761,st_struct_pedestal/66827,st_struct_pedestal/66886
ug_route/159299,OSP:BUSP::12730187,st_struct_pedestal/66923,st_struct_pedestal/67004
ug_route/159300,OSP:BUSP::12776328,st_struct_pedestal/66827,mywcom_route_junction/20814
ug_route/159301,OSP:FBSP::8556479,building/48707,mywcom_route_junction/20849
ug_route/159302,OSP:BUSP::12358972,st_struct_pedestal/66940,st_struct_pedestal/66999
ug_route/159303,OSP:BUSP::12736585,st_struct_pedestal/67002,st_struct_pedestal/66845
ug_route/159304,OSP:BUSP::12736290,st_struct_pedestal/67008,mywcom_route_junction/20859
ug_route/159305,OSP:FBSP:C269803,mywcom_route_junction/20809,st_struct_pedestal/67000
ug_route/159306,OSP:BUSP::12807927,st_struct_pedestal/66821,mywcom_route_junction/20819
ug_route/159307,OSP:BUSP::12358357,st_struct_pedestal/66829,mywcom_route_junction/20835
ug_route/159308,OSP:BUSP::12358063,mywcom_route_junction/20810,st_struct_pedestal/66902
ug_route/159309,OSP:FBSP:C263546,st_struct_pedestal/66911,st_struct_pedestal/66851
ug_route/159310,OSP:BUSP::12807933,mywcom_route_junction/20856,st_struct_pedestal/66870
ug_route/159311,OSP:BUSP::12358965,st_struct_pedestal/66888,mywcom_route_junction/20800
ug_route/159312,OSP:FORSP::14391643,mywcom_route_junction/20808,mywcom_route_junction/20844
ug_route/159313,OSP:BUSP::12736287,st_struct_pedestal/66938,mywcom_route_junction/20822
ug_route/159314,OSP:FBSP:C262936,st_struct_pedestal/66980,building/48712
ug_route/159315,OSP:BUSP::12358019,st_struct_pedestal/66911,st_struct_pedestal/66851
ug_route/159316,OSP:BUSP::12358432,st_struct_pedestal/67000,mywcom_route_junction/20869
ug_route/159317,OSP:FORSP::14391641,mywcom_route_junction/20831,mywcom_route_junction/20821
ug_route/159318,OSP:FBSP:C258570,mywcom_route_junction/20874,st_struct_pedestal/66975
ug_route/159319,OSP:BUSP::12734021,st_struct_pedestal/66922,st_struct_pedestal/66905
ug_route/159320,OSP:FBSP:C256813,st_struct_pedestal/66876,st_struct_pedestal/67018
ug_route/159321,OSP:FBSP::8691340,st_struct_pedestal/67022,st_struct_pedestal/66949
ug_route/159322,OSP:BUSP::12732822,mywcom_route_junction/20798,st_struct_pedestal/66976
ug_route/159323,OSP:FBSP:C253980,mywcom_route_junction/20867,st_struct_pedestal/66950
ug_route/159324,OSP:BUSP::12733690,mywcom_route_junction/20854,st_struct_pedestal/66904
ug_route/159325,OSP:BUSP::12358006,cabinet/2413,st_struct_pedestal/66966
ug_route/159326,OSP:BUSP::13231617,st_struct_pedestal/67012,st_struct_pedestal/66974
ug_route/159327,OSP:BUSP::12358345,st_struct_pedestal/66876,st_struct_pedestal/67018
ug_route/159328,OSP:BUSP::12358013,mywcom_route_junction/20871,st_struct_pedestal/66942
ug_route/159329,OSP:BUSP::12358970,mywcom_route_junction/20800,st_struct_pedestal/66975
ug_route/159330,OSP:FBSP::8557255,st_struct_pedestal/66866,building/48695
ug_route/159331,OSP:BUSP::12728266,st_struct_pedestal/67011,mywcom_route_junction/20827
ug_route/159332,OSP:FBSP:C263478,mywcom_route_junction/20873,st_struct_pedestal/66942
ug_route/159333,OSP:BUSP::12726037,st_struct_pedestal/66890,cabinet/2412
ug_route/159334,OSP:FBSP:C270576,st_struct_pedestal/66974,mywcom_route_junction/20832
ug_route/159335,OSP:BUSP::13893053,st_struct_pedestal/66937,mywcom_route_junction/20861
ug_route/159336,OSP:BUSP::16820288,mywcom_route_junction/20850,building/48690
ug_route/159337,OSP:FBSP:C258685,st_struct_pedestal/66859,st_struct_pedestal/66897
ug_route/159338,OSP:BUSP::12358427,st_struct_pedestal/66950,mywcom_route_junction/20868
ug_route/159339,OSP:BUSP::12730599,mywcom_route_junction/20862,st_struct_pedestal/66941
ug_route/159340,OSP:FBSP::8705779,st_struct_pedestal/66949,building/48702
ug_route/159341,OSP:BUSP::8492932,mywcom_route_junction/20824,cabinet/2411
ug_route/159342,OSP:BUSP::12358644,st_struct_pedestal/66859,st_struct_pedestal/66897
ug_route/159343,OSP:FBSP::8705765,st_struct_pedestal/66860,st_struct_pedestal/66930
ug_route/159344,OSP:FBSP::8697735,st_struct_pedestal/66985,building/48713
ug_route/159345,OSP:FBSP::9105748,st_struct_pedestal/66961,mywcom_route_junction/20823
ug_route/159346,OSP:BUSP::13342675,st_struct_pedestal/66974,mywcom_route_junction/20826
ug_route/159347,OSP:FORSP::7259028,building/48699,st_struct_vault/2407
ug_route/159348,OSP:BUSP::12733692,st_struct_pedestal/66939,st_struct_pedestal/66987
ug_route/159349,OSP:FBSP::8705767,st_struct_pedestal/66889,st_struct_pedestal/66919
ug_route/159350,OSP:BUSP::12358646,mywcom_route_junction/20859,st_struct_pedestal/66838
ug_route/159351,OSP:FBSP:C272467,st_struct_pedestal/66980,building/48714
ug_route/159352,OSP:BUSP::13654324,st_struct_pedestal/66980,building/48714
ug_route/159353,OSP:FBSP:C254644,st_struct_pedestal/66836,st_struct_pedestal/66963
ug_route/159354,OSP:BUSP::12358409,st_struct_pedestal/66890,st_struct_pedestal/66861
ug_route/159355,OSP:BUSP:C258662,st_struct_pedestal/67013,st_struct_pedestal/66847
ug_route/159356,OSP:FBSP::8079187,mywcom_route_junction/20853,st_struct_pedestal/66878
ug_route/159357,OSP:BUSP:C258632,st_struct_pedestal/66847,st_struct_pedestal/67013
ug_route/159358,OSP:FBSP::8705766,st_struct_pedestal/66930,st_struct_pedestal/66889
ug_route/159359,OSP:BUSP::8557267,mywcom_route_junction/20842,st_struct_pedestal/66866
ug_route/159360,OSP:BUSP::12736592,st_struct_pedestal/66962,st_struct_pedestal/66938
ug_route/159361,OSP:FBSP::8705768,st_struct_pedestal/66919,st_struct_pedestal/66934
ug_route/159362,OSP:FORSP::14391642,mywcom_route_junction/20831,st_struct_pedestal/66852
ug_route/159363,OSP:BUSP:C263024,mywcom_route_junction/20875,st_struct_pedestal/66951
ug_route/159364,OSP:BUSP::17046085,cabinet/2410,st_struct_pedestal/66861
ug_route/159365,OSP:FBSP:C270551,mywcom_route_junction/20830,st_struct_pedestal/66883
ug_route/159366,OSP:FBSP:C262727,st_struct_pedestal/67019,mywcom_route_junction/20830
ug_route/159367,OSP:BUSP:C258795,st_struct_pedestal/66918,st_struct_pedestal/66827
ug_route/159368,OSP:BUSP::13344571,mywcom_route_junction/20826,building/48685
ug_route/159369,OSP:FBSP:C257051,st_struct_pedestal/66884,st_struct_pedestal/67023
ug_route/159370,OSP:BUSP:C258798,st_struct_pedestal/66827,st_struct_pedestal/66918
ug_route/159371,OSP:BUSP::12358977,st_struct_pedestal/66882,st_struct_pedestal/66937
ug_route/159372,OSP:FORSP::7414858,st_struct_vault/2413,building/48699
ug_route/159373,OSP:FBSP:C254651,st_struct_pedestal/66916,st_struct_pedestal/66983
ug_route/159374,OSP:BUSP::12358440,st_struct_pedestal/66960,st_struct_pedestal/66869
ug_route/159375,OSP:FBSP:C322209,st_struct_pedestal/66957,st_struct_pedestal/66989
ug_route/159376,OSP:BUSP::12776315,st_struct_pedestal/66827,st_struct_pedestal/66918
ug_route/159377,OSP:FBSP:C263895,mywcom_route_junction/20832,building/48685
ug_route/159378,OSP:FBSP:C262584,st_struct_pedestal/66879,st_struct_pedestal/66846
ug_route/159379,OSP:BUSP::12358649,st_struct_pedestal/67019,mywcom_route_junction/20806
ug_route/159380,OSP:BUSP::12733695,st_struct_pedestal/66987,st_struct_pedestal/66998
ug_route/159381,OSP:FBSP:C267528,st_struct_pedestal/66971,st_struct_pedestal/66891
ug_route/159382,OSP:FBSP:C256801,st_struct_pedestal/66976,st_struct_pedestal/66876
ug_route/159383,OSP:FBSP:C259064,st_struct_pedestal/66817,st_struct_pedestal/66829
ug_route/159384,OSP:BUSP::12807926,mywcom_route_junction/20819,st_struct_pedestal/67003
ug_route/159385,OSP:BUSP::12358010,st_struct_pedestal/66967,mywcom_route_junction/20866
ug_route/159386,OSP:FBSP:C298753,st_struct_pedestal/67000,st_struct_pedestal/66959
ug_route/159387,OSP:FBSP:C257495,st_struct_pedestal/67002,st_struct_pedestal/66981
ug_route/159388,OSP:BUSP::12359003,st_struct_pedestal/66916,st_struct_pedestal/66983
ug_route/159389,OSP:BUSP::12358404,st_struct_pedestal/67003,st_struct_pedestal/66985
ug_route/159390,OSP:FBSP:C251913,st_struct_pedestal/66865,st_struct_pedestal/66831
ug_route/159391,OSP:FBSP:C263557,st_struct_pedestal/66851,st_struct_pedestal/66826
ug_route/159392,OSP:BUSP::12358344,st_struct_pedestal/66976,st_struct_pedestal/66876
ug_route/159393,OSP:BUSP::12358998,st_struct_pedestal/66879,st_struct_pedestal/66846
ug_route/159394,OSP:FBSP:C257489,st_struct_pedestal/66981,st_struct_pedestal/66923
ug_route/159395,OSP:FBSP:C258538,st_struct_pedestal/66881,st_struct_pedestal/66862
ug_route/159396,OSP:BUSP::12358368,mywcom_route_junction/20837,st_struct_pedestal/67020
ug_route/159397,OSP:FBSP:C298828,st_struct_pedestal/66967,mywcom_route_junction/20818
ug_route/159398,OSP:FBSP:C226074,st_struct_pedestal/66899,st_struct_pedestal/66926
ug_route/159399,OSP:BUSP::12358356,st_struct_pedestal/66817,st_struct_pedestal/66829
ug_route/159400,OSP:BUSP::12358142,st_struct_pedestal/66989,st_struct_pedestal/66957
ug_route/159401,OSP:FBSP:C322203,st_struct_pedestal/66946,st_struct_pedestal/66971
ug_route/159402,OSP:FBSP:C263598,st_struct_pedestal/67015,st_struct_pedestal/66977
ug_route/159403,OSP:BUSP::12358431,st_struct_pedestal/66959,st_struct_pedestal/67000
ug_route/159404,OSP:BUSP::12807930,st_struct_pedestal/67023,mywcom_route_junction/20856
ug_route/159405,OSP:FBSP:C259313,mywcom_route_junction/20847,st_struct_pedestal/67020
ug_route/159406,OSP:FBSP:C258542,st_struct_pedestal/66862,st_struct_pedestal/66948
ug_route/159407,OSP:FBSP:C262580,st_struct_pedestal/66846,st_struct_pedestal/66915
ug_route/159408,OSP:FBSP:C264018,st_struct_pedestal/66922,st_struct_pedestal/66920
ug_route/159409,OSP:BUSP::12358353,st_struct_pedestal/66865,st_struct_pedestal/66831
ug_route/159410,OSP:FBSP:C263453,st_struct_pedestal/67007,st_struct_pedestal/66864
ug_route/159411,OSP:BUSP::12358408,st_struct_pedestal/66901,st_struct_pedestal/66952
ug_route/159412,OSP:FBSP:C254663,st_struct_pedestal/66983,st_struct_pedestal/66872
ug_route/159413,OSP:BUSP::12358182,st_struct_pedestal/66977,st_struct_pedestal/67015
ug_route/159414,OSP:FBSP:C254564,st_struct_pedestal/66988,st_struct_pedestal/66990
ug_route/159415,OSP:BUSP:C257613,st_struct_pedestal/66842,st_struct_pedestal/66825
ug_route/159416,OSP:BUSP::12358657,st_struct_pedestal/66981,st_struct_pedestal/66923
ug_route/159417,OSP:BUSP::12358052,st_struct_pedestal/66851,st_struct_pedestal/66826
ug_route/159418,OSP:FBSP:C257124,st_struct_pedestal/66831,st_struct_pedestal/66849
ug_route/159419,OSP:BUSP::16087052,st_struct_pedestal/66980,st_struct_vault/2406
ug_route/159420,OSP:BUSP::12358138,st_struct_pedestal/66899,st_struct_pedestal/66926
ug_route/159421,OSP:FBSP:C262601,st_struct_pedestal/66917,st_struct_pedestal/66931
ug_route/159422,OSP:BUSP::12730809,st_struct_pedestal/66975,mywcom_route_junction/20865
ug_route/159423,OSP:BUSP::8444313,cabinet/2407,st_struct_pedestal/67022
ug_route/159424,OSP:FBSP:C258680,st_struct_pedestal/66912,st_struct_pedestal/66859
ug_route/159425,OSP:FBSP:C264026,st_struct_pedestal/66920,st_struct_pedestal/66964
ug_route/159426,OSP:FBSP:C262684,st_struct_pedestal/66883,st_struct_pedestal/66984
ug_route/159427,OSP:FBSP:C259104,st_struct_pedestal/66935,st_struct_pedestal/66901
ug_route/159428,OSP:FBSP:C254449,mywcom_route_junction/20857,st_struct_pedestal/66869
ug_route/159429,OSP:BUSP::12358442,st_struct_pedestal/66988,st_struct_pedestal/66990
ug_route/159430,OSP:BUSP::12358999,st_struct_pedestal/66846,st_struct_pedestal/66915
ug_route/159431,OSP:BUSP::12358145,st_struct_pedestal/66920,st_struct_pedestal/66922
ug_route/159432,OSP:FBSP:C263565,st_struct_pedestal/66826,st_struct_pedestal/66816
ug_route/159433,OSP:BUSP::12358015,st_struct_pedestal/67007,st_struct_pedestal/66864
ug_route/159434,OSP:FBSP:C256825,st_struct_pedestal/67018,st_struct_pedestal/66884
ug_route/159435,OSP:FBSP:C263130,st_struct_pedestal/66937,building/48707
ug_route/159436,OSP:BUSP::12358968,st_struct_pedestal/66862,st_struct_pedestal/66948
ug_route/159437,OSP:BUSP::12359004,st_struct_pedestal/66983,st_struct_pedestal/66872
ug_route/159438,OSP:FBSP:C258550,st_struct_pedestal/66948,st_struct_pedestal/66867
ug_route/159439,OSP:BUSP::12358444,st_struct_pedestal/66842,st_struct_pedestal/66825
ug_route/159440,OSP:FBSP:C267452,st_struct_pedestal/67021,st_struct_pedestal/66994
ug_route/159441,OSP:BUSP::12736014,st_struct_pedestal/66849,st_struct_pedestal/66909
ug_route/159442,OSP:BUSP::12730808,mywcom_route_junction/20865,st_struct_pedestal/66940
ug_route/159443,OSP:BUSP::12358979,st_struct_pedestal/66917,st_struct_pedestal/66931
ug_route/159444,OSP:BUSP::12358407,st_struct_pedestal/66935,st_struct_pedestal/66901
ug_route/159445,OSP:BUSP::12358354,st_struct_pedestal/66831,st_struct_pedestal/66849
ug_route/159446,OSP:BUSP::12358652,st_struct_pedestal/66883,st_struct_pedestal/66984
ug_route/159447,OSP:FBSP:C273211,st_struct_pedestal/67016,mywcom_route_junction/20863
ug_route/159448,OSP:FBSP:C258602,st_struct_pedestal/66912,st_struct_pedestal/66838
ug_route/159449,OSP:BUSP::8696458,st_struct_pedestal/67006,st_struct_pedestal/67032
ug_route/159450,OSP:FBSP:C257560,st_struct_pedestal/66984,st_struct_pedestal/66993
ug_route/159451,OSP:BUSP::12358346,st_struct_pedestal/67018,st_struct_pedestal/66884
ug_route/159452,OSP:FBSP:C262590,st_struct_pedestal/67024,st_struct_pedestal/66879
ug_route/159453,OSP:BUSP::12358053,st_struct_pedestal/66826,st_struct_pedestal/66816
ug_route/159454,OSP:BUSP:C263856,st_struct_pedestal/66974,mywcom_route_junction/20839
ug_route/159455,OSP:BUSP::12730610,st_struct_pedestal/66990,mywcom_route_junction/20877
ug_route/159456,OSP:FBSP:C322199,st_struct_pedestal/66971,st_struct_pedestal/66902
ug_route/159457,OSP:BUSP::12358144,st_struct_pedestal/66964,st_struct_pedestal/66920
ug_route/159458,OSP:BUSP::12736004,st_struct_pedestal/66936,st_struct_pedestal/66951
ug_route/159459,OSP:BUSP::12358969,st_struct_pedestal/66948,st_struct_pedestal/66867
ug_route/159460,OSP:BUSP::12358132,st_struct_pedestal/67021,st_struct_pedestal/66994
ug_route/159461,OSP:FBSP:C296362,st_struct_pedestal/66824,st_struct_pedestal/66894
ug_route/159462,OSP:FBSP:C298831,st_struct_pedestal/66902,st_struct_pedestal/67016
ug_route/159463,OSP:BUSP::13344576,st_struct_pedestal/66974,mywcom_route_junction/20813
ug_route/159464,OSP:FBSP:C258688,st_struct_pedestal/66897,st_struct_pedestal/66893
ug_route/159465,OSP:BUSP:C263794,st_struct_pedestal/66878,st_struct_pedestal/66833
ug_route/159466,OSP:FBSP:C296363,st_struct_pedestal/66894,st_struct_pedestal/66967
ug_route/159467,OSP:FBSP:C267450,st_struct_pedestal/66863,st_struct_pedestal/67021
ug_route/159468,OSP:FBSP:C257322,st_struct_pedestal/66990,mywcom_route_junction/20817
ug_route/159469,OSP:FBSP:C267530,st_struct_pedestal/66891,st_struct_pedestal/66965
ug_route/159470,OSP:BUSP::12358997,st_struct_pedestal/67024,st_struct_pedestal/66879
ug_route/159471,OSP:BUSP::12358009,st_struct_pedestal/66894,st_struct_pedestal/66967
ug_route/159472,OSP:BUSP::12358653,st_struct_pedestal/66984,st_struct_pedestal/66993
ug_route/159473,OSP:FBSP:C322208,st_struct_pedestal/66964,st_struct_pedestal/66957
ug_route/159474,OSP:BUSP::12358060,st_struct_pedestal/66971,st_struct_pedestal/66891
ug_route/159475,OSP:BUSP::12358008,st_struct_pedestal/66824,st_struct_pedestal/66894
ug_route/159476,OSP:BUSP::12358064,st_struct_pedestal/66902,st_struct_pedestal/67016
ug_route/159477,OSP:BUSP::13231989,st_struct_pedestal/66980,mywcom_route_junction/20811
ug_route/159478,OSP:BUSP::12358645,st_struct_pedestal/66897,st_struct_pedestal/66893
ug_route/159479,OSP:BUSP::12358067,st_struct_pedestal/66863,st_struct_pedestal/67021
ug_route/159480,OSP:FBSP:C273203,mywcom_route_junction/20863,st_struct_pedestal/66863
ug_route/159481,OSP:BUSP::12358065,st_struct_pedestal/67016,mywcom_route_junction/20854
ug_route/159482,OSP:BUSP::12358143,st_struct_pedestal/66957,st_struct_pedestal/66964
ug_route/159483,OSP:FBSP::8705764,st_struct_pedestal/66949,st_struct_pedestal/66860
ug_route/159484,OSP:BUSP::13231608,st_struct_pedestal/66910,mywcom_route_junction/20858
ug_route/159485,OSP:FBSP:C254763,st_struct_pedestal/66954,st_struct_pedestal/66995
ug_route/159486,OSP:BUSP::13233877,st_struct_pedestal/66833,st_struct_pedestal/66878
ug_route/159487,OSP:BUSP::8996932,pole/40465,building/48704
ug_route/159488,OSP:FBSP:C256950,st_struct_pedestal/66900,st_struct_pedestal/67010
ug_route/159489,OSP:FBSP:C262642,st_struct_pedestal/66848,st_struct_pedestal/66937
ug_route/159490,OSP:FBSP:C258742,st_struct_pedestal/66861,st_struct_pedestal/66892
ug_route/159491,OSP:BUSP::12358061,st_struct_pedestal/66891,st_struct_pedestal/66965
ug_route/159492,OSP:FBSP:C258469,st_struct_pedestal/66975,st_struct_pedestal/66888
ug_route/159493,OSP:BUSP:C322302,st_struct_pedestal/66822,st_struct_pedestal/66827
ug_route/159494,OSP:FBSP:C263624,st_struct_pedestal/66947,st_struct_pedestal/66933
ug_route/159495,OSP:FBSP:C253924,st_struct_pedestal/66875,st_struct_pedestal/66956
ug_route/159496,OSP:BUSP::12358350,st_struct_pedestal/66900,st_struct_pedestal/67010
ug_route/159497,OSP:BUSP::12730657,mywcom_route_junction/20864,st_struct_pedestal/66866
ug_route/159498,OSP:BUSP::12358974,st_struct_pedestal/66848,st_struct_pedestal/66937
ug_route/159499,OSP:FBSP::8079172,mywcom_route_junction/20853,mywcom_route_junction/20875
ug_route/159500,OSP:FBSP:C226083,st_struct_pedestal/66926,st_struct_pedestal/66958
ug_route/159501,OSP:BUSP::12776308,st_struct_pedestal/66822,st_struct_pedestal/66827
ug_route/159502,OSP:BUSP::12358147,st_struct_pedestal/66828,st_struct_pedestal/66933
ug_route/159503,OSP:BUSP::12358180,st_struct_pedestal/66933,st_struct_pedestal/66947
ug_route/159504,OSP:BUSP::12358436,st_struct_pedestal/66875,st_struct_pedestal/66956
ug_route/159505,OSP:FBSP:C259091,st_struct_pedestal/66941,st_struct_pedestal/66935
ug_route/159506,OSP:BUSP::12358139,st_struct_pedestal/66926,st_struct_pedestal/66958
ug_route/159507,OSP:FBSP:C262649,st_struct_pedestal/66999,st_struct_pedestal/66848
ug_route/159508,OSP:BUSP::12358406,st_struct_pedestal/66941,st_struct_pedestal/66935
ug_route/159509,OSP:FORSP::7412613,st_struct_vault/2409,mywcom_route_junction/20796
ug_route/159510,OSP:FBSP:C258500,st_struct_pedestal/66888,st_struct_pedestal/66918
ug_route/159511,OSP:BUSP::12358973,st_struct_pedestal/66999,st_struct_pedestal/66848
ug_route/159512,OSP:BUSP::12358007,st_struct_pedestal/66966,st_struct_pedestal/66824
ug_route/159513,OSP:FBSP:C258799,st_struct_pedestal/66918,st_struct_pedestal/66888
ug_route/159514,OSP:FBSP:C258751,st_struct_pedestal/66892,st_struct_pedestal/66822
ug_route/159515,OSP:FBSP:C263974,mywcom_route_junction/20818,st_struct_pedestal/66887
ug_route/159516,OSP:BUSP::12358410,st_struct_pedestal/66861,st_struct_pedestal/66892
ug_route/159517,OSP:FBSP:C257553,st_struct_pedestal/66993,st_struct_pedestal/66873
ug_route/159518,OSP:BUSP::12358964,st_struct_pedestal/66918,st_struct_pedestal/66888
ug_route/159519,OSP:BUSP:C258668,st_struct_pedestal/67013,st_struct_pedestal/66912
ug_route/159520,OSP:BUSP::12358654,st_struct_pedestal/66993,st_struct_pedestal/66873
ug_route/159521,OSP:BUSP:C258716,st_struct_pedestal/67013,st_struct_pedestal/66912
ug_route/159522,OSP:BUSP::12358420,st_struct_pedestal/66995,st_struct_pedestal/66954
ug_route/159523,OSP:BUSP::12358011,mywcom_route_junction/20866,st_struct_pedestal/66887
ug_route/159524,OSP:BUSP::12358137,st_struct_pedestal/66998,st_struct_pedestal/66899
ug_route/159525,OSP:FBSP:C225977,st_struct_pedestal/66998,st_struct_pedestal/66899
ug_route/159526,OSP:FBSP:C257398,st_struct_pedestal/66979,st_struct_pedestal/66938
ug_route/159527,OSP:FORSP::7266375,mywcom_route_junction/20815,st_struct_vault/2404
ug_route/159528,OSP:FBSP:C262546,st_struct_pedestal/66915,st_struct_pedestal/66836
ug_route/159529,OSP:FBSP:C254446,st_struct_pedestal/66950,mywcom_route_junction/20857
ug_route/159530,OSP:BUSP::12730651,st_struct_pedestal/66816,st_struct_pedestal/66951
ug_route/159531,OSP:BUSP::12359000,st_struct_pedestal/66915,st_struct_pedestal/66836
ug_route/159532,OSP:BUSP::12358411,st_struct_pedestal/66892,st_struct_pedestal/66822
ug_route/159533,OSP:BUSP::12730819,mywcom_route_junction/20812,st_struct_pedestal/66989
ug_route/159534,OSP:BUSP::12774452,st_struct_pedestal/66840,mywcom_route_junction/20891
ug_route/159535,OSP:BUSP::12736284,st_struct_pedestal/66872,mywcom_route_junction/20822
ug_route/159536,OSP:BUSP::12358428,st_struct_pedestal/66960,st_struct_pedestal/66950
ug_route/159537,OSP:FBSP:C263540,st_struct_pedestal/66906,st_struct_pedestal/66911
ug_route/159538,OSP:BUSP:C237358,pole/40479,mywcom_route_junction/20872
ug_route/159539,OSP:BUSP::12358018,st_struct_pedestal/66906,st_struct_pedestal/66911
ug_route/159540,OSP:FBSP:C259233,st_struct_pedestal/66821,st_struct_pedestal/67003
ug_route/159541,OSP:FBSP:C263150,mywcom_route_junction/20849,building/48691
ug_route/159542,OSP:FBSP:C253896,mywcom_route_junction/20851,st_struct_pedestal/66853
ug_route/159543,OSP:FBSP::8697740,building/48713,building/48697
ug_route/159544,OSP:FBSP:C259055,st_struct_pedestal/66849,st_struct_pedestal/66817
ug_route/159545,OSP:FBSP:C254454,st_struct_pedestal/66869,st_struct_pedestal/66988
ug_route/159546,OSP:BUSP::12358439,mywcom_route_junction/20820,st_struct_pedestal/66853
ug_route/159547,OSP:BUSP::12358441,st_struct_pedestal/66869,st_struct_pedestal/66988
ug_route/159548,OSP:BUSP::16638069,pole/40401,building/48709
ug_route/159549,OSP:BUSP:C272764,mywcom_route_junction/20840,st_struct_pedestal/66975
ug_route/159550,OSP:FBSP:C253936,st_struct_pedestal/66895,st_struct_pedestal/66875
ug_route/159551,OSP:BUSP:C201617,cabinet/2407,mywcom_route_junction/20834
ug_route/159552,OSP:FBSP:C383365,pole/40401,building/48709
ug_route/159553,OSP:BUSP::12358435,st_struct_pedestal/66895,st_struct_pedestal/66875
ug_route/159554,OSP:BUSP::8996934,pole/40451,building/48693
ug_route/159555,OSP:BUSP::12358349,st_struct_pedestal/66870,st_struct_pedestal/66900
ug_route/159556,OSP:FBSP:C256944,st_struct_pedestal/66870,st_struct_pedestal/66900
ug_route/159557,OSP:FBSP:C257052,st_struct_pedestal/67023,st_struct_pedestal/66870
ug_route/159558,OSP:FBSP:C293426,pole/40451,building/48693
ug_route/159559,OSP:FBSP::8492349,pole/40478,mywcom_route_junction/20843
ug_route/159560,OSP:FBSP:C270331,st_struct_pedestal/66838,st_struct_pedestal/67019
ug_route/159561,OSP:BUSP::12730826,mywcom_route_junction/20838,st_struct_pedestal/66896
ug_route/159562,OSP:FBSP:C226015,st_struct_pedestal/66989,st_struct_pedestal/66896
ug_route/159563,OSP:BUSP::12730000,st_struct_pedestal/66838,st_struct_pedestal/67019
ug_route/159564,OSP:FBSP:C298160,st_struct_pedestal/67011,st_struct_pedestal/66946
ug_route/159565,OSP:FBSP:C259243,st_struct_pedestal/66992,st_struct_pedestal/66821
ug_route/159566,OSP:FBSP:C321427,st_struct_pedestal/66939,st_struct_pedestal/66998
ug_route/159567,OSP:BUSP::12358370,st_struct_pedestal/66992,st_struct_pedestal/66821
ug_route/159568,OSP:FBSP:C266050,st_struct_pedestal/66977,st_struct_pedestal/66947
ug_route/159569,OSP:FBSP:C254768,st_struct_pedestal/66995,st_struct_pedestal/66903
ug_route/159570,OSP:FBSP:C260718,st_struct_pedestal/67003,building/48713
ug_route/159571,OSP:BUSP::13231992,mywcom_route_junction/20811,mywcom_route_junction/20864
ug_route/159572,OSP:BUSP::12358181,st_struct_pedestal/66947,st_struct_pedestal/66977
ug_route/159573,OSP:BUSP::12358422,st_struct_pedestal/66924,st_struct_pedestal/66953
ug_route/159574,OSP:FBSP:C254648,st_struct_pedestal/66963,st_struct_pedestal/66916
ug_route/159575,OSP:BUSP::12358437,st_struct_pedestal/66956,mywcom_route_junction/20820
ug_route/159576,OSP:FBSP:C226060,st_struct_pedestal/66913,st_struct_pedestal/66939
ug_route/159577,OSP:BUSP:C263574,mywcom_route_junction/20828,st_struct_pedestal/67009
ug_route/159578,OSP:BUSP::12358418,st_struct_pedestal/66903,st_struct_pedestal/66832
ug_route/159579,OSP:BUSP::13231607,st_struct_pedestal/66877,st_struct_pedestal/66910
ug_route/159580,OSP:FBSP:C253909,st_struct_pedestal/66956,mywcom_route_junction/20851
ug_route/159581,OSP:BUSP::12359002,st_struct_pedestal/66963,st_struct_pedestal/66916
ug_route/159582,OSP:BUSP::12358134,st_struct_pedestal/66913,st_struct_pedestal/66939
ug_route/159583,OSP:BUSP::13231604,st_struct_pedestal/67015,st_struct_pedestal/67012
ug_route/159584,OSP:FBSP:C262969,st_struct_pedestal/66980,mywcom_route_junction/20816
ug_route/159585,OSP:BUSP::12776325,st_struct_pedestal/66944,st_struct_pedestal/66991
ug_route/159586,OSP:FBSP::9105749,mywcom_route_junction/20823,building/48705
ug_route/159587,OSP:BUSP::16118655,cabinet/2413,st_struct_pedestal/66824
ug_route/159588,OSP:BUSP:C263587,st_struct_pedestal/66973,st_struct_pedestal/67015
ug_route/159589,OSP:FBSP:C383348,pole/40401,building/48704
ug_route/159590,OSP:BUSP::12729974,st_struct_pedestal/66882,st_struct_pedestal/66917
ug_route/159591,OSP:BUSP:C258786,st_struct_pedestal/66886,st_struct_pedestal/66847
ug_route/159592,OSP:FBSP:C254781,st_struct_pedestal/66903,st_struct_pedestal/66953
ug_route/159593,OSP:FBSP:C226011,st_struct_pedestal/66896,st_struct_pedestal/66939
ug_route/159594,OSP:FORSP::8947037,st_struct_vault/2408,mywcom_route_junction/20825
ug_route/159595,OSP:FBSP:C272784,st_struct_pedestal/66975,st_struct_pedestal/66940
ug_route/159596,OSP:FBSP:C253804,st_struct_pedestal/67001,st_struct_pedestal/67033
ug_route/159597,OSP:FBSP:C259188,st_struct_pedestal/66941,st_struct_pedestal/67003
ug_route/159598,OSP:BUSP::12742006,st_struct_pedestal/67001,st_struct_pedestal/67033
ug_route/159599,OSP:BUSP::12736019,st_struct_pedestal/66843,st_struct_pedestal/66856
ug_route/159600,OSP:BUSP::12729994,st_struct_pedestal/66991,st_struct_pedestal/66912
ug_route/159601,OSP:FBSP:C270151,st_struct_pedestal/66933,st_struct_pedestal/66922
ug_route/159602,OSP:FBSP:C322265,st_struct_pedestal/66943,st_struct_pedestal/66856
ug_route/159603,OSP:BUSP:C321424,st_struct_pedestal/66943,st_struct_pedestal/66856
ug_route/159604,OSP:BUSP:C254733,st_struct_pedestal/67035,st_struct_pedestal/66954
ug_route/159605,OSP:BUSP::13233876,mywcom_route_junction/20802,st_struct_pedestal/66833
ug_route/159606,OSP:BUSP::12730607,mywcom_route_junction/20870,mywcom_route_junction/20886
ug_route/159607,OSP:BUSP::12776327,mywcom_route_junction/20814,st_struct_pedestal/66924
ug_route/159608,OSP:BUSP::12358351,mywcom_route_junction/20798,st_struct_pedestal/66986
ug_route/159609,OSP:BUSP:C257069,mywcom_route_junction/20833,st_struct_pedestal/66986
ug_route/159610,OSP:BUSP::12730644,mywcom_route_junction/20877,st_struct_pedestal/67004
ug_route/159611,OSP:BUSP::12807934,mywcom_route_junction/20856,st_struct_pedestal/66924
ug_route/159612,OSP:BUSP::8492935,st_struct_pedestal/66996,mywcom_route_junction/20824
ug_route/159613,OSP:BUSP:C261166,st_struct_pedestal/66986,st_struct_pedestal/66968
ug_route/159614,OSP:BUSP::12358360,st_struct_pedestal/66986,st_struct_pedestal/66968
ug_route/159615,OSP:BUSP:C272555,st_struct_pedestal/66937,st_struct_pedestal/66917
ug_route/159616,OSP:BUSP:C263023,mywcom_route_junction/20875,st_struct_pedestal/66980
ug_route/159617,OSP:FBSP::8492350,pole/40459,mywcom_route_junction/20843
ug_route/159618,OSP:BUSP::12728940,st_struct_pedestal/66966,st_struct_pedestal/66852
ug_route/159619,OSP:BUSP::8444315,cabinet/2407,mywcom_route_junction/20878
ug_route/159620,OSP:BUSP::14531767,st_struct_vault/2409,st_struct_pedestal/67027
ug_route/159621,OSP:BUSP:C261219,st_struct_pedestal/66921,mywcom_route_junction/20855
ug_route/159622,OSP:BUSP::12358363,mywcom_route_junction/20801,st_struct_pedestal/66921
ug_route/159623,OSP:BUSP:C237435,mywcom_route_junction/20872,mywcom_route_junction/20807
ug_route/159624,OSP:BUSP:C261197,st_struct_pedestal/66968,mywcom_route_junction/20855
ug_route/159625,OSP:FBSP:C257438,st_struct_pedestal/66923,mywcom_route_junction/20817
ug_route/159626,OSP:BUSP::12358361,st_struct_pedestal/66968,mywcom_route_junction/20801
ug_route/159627,OSP:BUSP::13231988,st_struct_pedestal/66951,mywcom_route_junction/20811
ug_route/159628,OSP:FORSP::7414852,st_struct_vault/2409,st_struct_vault/2405
ug_route/159629,OSP:BUSP::8560170,mywcom_route_junction/20852,st_struct_pedestal/67030
ug_route/159630,OSP:BUSP:C263584,st_struct_pedestal/67009,st_struct_pedestal/66973
ug_route/159631,OSP:BUSP:C262838,st_struct_pedestal/66980,mywcom_route_junction/20799
ug_route/159632,OSP:BUSP::13893055,mywcom_route_junction/20861,building/48691
ug_route/159633,OSP:BUSP::12814052,mywcom_route_junction/20822,mywcom_route_junction/20870
ug_route/159634,OSP:FORSP::14391646,mywcom_route_junction/20815,mywcom_route_junction/20808
ug_route/159635,OSP:BUSP::12101108,cabinet/2407,st_struct_pedestal/67026
ug_route/159636,OSP:FORSP::14391640,mywcom_route_junction/20808,mywcom_route_junction/20831
ug_route/159637,OSP:BUSP:C270361,st_struct_pedestal/66833,mywcom_route_junction/20828
ug_route/159638,OSP:BUSP::13231605,st_struct_pedestal/67012,st_struct_pedestal/66877
ug_route/159639,OSP:FORSP::13957684,st_struct_vault/2403,st_struct_vault/2414
ug_route/159640,OSP:FBSP:C263521,st_struct_pedestal/66835,st_struct_pedestal/66906
ug_route/159641,OSP:FORSP::7538076,mywcom_route_junction/20796,mywcom_route_junction/20825
ug_route/159642,OSP:BUSP::12358017,st_struct_pedestal/66835,st_struct_pedestal/66906
ug_route/159643,OSP:BUSP::8697734,mywcom_route_junction/20892,st_struct_pedestal/66985
ug_route/159644,OSP:BUSP:C257012,cabinet/2412,mywcom_route_junction/20829
ug_route/159645,OSP:BUSP::8492342,mywcom_route_junction/20841,st_struct_pedestal/66925
ug_route/159646,OSP:BUSP:C272892,st_struct_pedestal/66886,st_struct_pedestal/66832
ug_route/159647,OSP:BUSP::8492353,mywcom_route_junction/20879,cabinet/2411
ug_route/159648,OSP:BUSP:C267140,mywcom_route_junction/20876,st_struct_buried_splice_location/2597
ug_route/159649,OSP:FORSP::7414853,st_struct_vault/2405,st_struct_vault/2413
ug_route/159650,OSP:BUSP::8557259,mywcom_route_junction/20876,st_struct_pedestal/67028
ug_route/159651,OSP:BUSP::8848205,st_struct_pedestal/66925,st_struct_pedestal/67031
ug_route/159652,OSP:BUSP::13231612,mywcom_route_junction/20802,st_struct_pedestal/66882
ug_route/159653,OSP:FBSP::8492348,pole/40480,mywcom_route_junction/20843
ug_route/159654,OSP:BUSP:C290657,mywcom_route_junction/20889,mywcom_route_junction/20807
ug_route/159655,OSP:FORSP::7266376,st_struct_vault/2404,st_struct_vault/2403
ug_route/159656,OSP:FBSP:C259077,st_struct_pedestal/66855,st_struct_pedestal/66941
ug_route/159657,OSP:FBSP::8836006,pole/40481,building/48688
ug_route/159658,OSP:BUSP:C204858,cabinet/2407,mywcom_route_junction/20882
ug_route/159659,OSP:FORSP::7302230,st_struct_vault/2416,st_struct_vault/2412
ug_route/159660,OSP:BUSP::15587129,st_struct_pedestal/66832,st_struct_pedestal/67032
ug_route/159661,OSP:FORSP::16935940,mywcom_route_junction/20804,st_struct_vault/2409
ug_route/159662,OSP:BUSP::8309918,st_struct_pedestal/67034,mywcom_route_junction/20834
ug_route/159663,OSP:FORSP::7259029,st_struct_vault/2407,st_struct_vault/2404
ug_route/159664,OSP:FORSP::7349990,st_struct_vault/2411,mywcom_route_junction/20797
ug_route/159665,OSP:FORSP::8457413,st_struct_vault/2412,mywcom_route_junction/20796
ug_route/159666,OSP:FORSP::14129215,st_struct_vault/2415,st_struct_vault/2410
ug_route/159667,OSP:BUSP::8360784,cabinet/2407,mywcom_route_junction/20890
ug_route/159668,OSP:BUSP::8706087,mywcom_route_junction/20887,cabinet/2412
ug_route/159669,OSP:BUSP:C226020,st_struct_pedestal/66969,st_struct_pedestal/67029
ug_route/159670,OSP:BUSP::16775335,mywcom_route_junction/20881,st_struct_pedestal/66972
ug_route/159671,OSP:BUSP::16774730,st_struct_pedestal/66854,mywcom_route_junction/20881
ug_route/159672,OSP:BUSP:C295657,mywcom_route_junction/20880,mywcom_route_junction/20883
ug_route/159673,OSP:BUSP:C287518,cabinet/2414,st_struct_pedestal/66969
