id,name
st_struct_pedestal/66846,PED:JSPED:C216121
st_struct_pedestal/66919,PED:JSPED:C213664
st_struct_pedestal/66833,PED:SST::10799258
st_struct_pedestal/66916,PED:JSPED:C210005
pole/40407,POL:PPOLE:C225148
building/48708,BUILD:BUS:C214217
mywcom_route_junction/20851,SPJCT:SPJCT:C209355
mywcom_route_junction/20848,SPJCT:SPJCT:C216629
pole/40463,POL:PPOLE:C195668
pole/40405,POL:PPOLE:C222929
st_struct_pedestal/66861,PED:JSPED:C212970
st_struct_pedestal/66817,PED:JSPED:C213407
st_struct_pedestal/66835,PED:JSPED:C216914
pole/40434,POL:PPOLE:C224903
st_struct_pedestal/66980,PED:SST::12219408
st_struct_pedestal/66923,PED:JSPED:C212264
st_struct_pedestal/66882,PED:SST::10261651
mywcom_route_junction/20868,PJCT:SPJCT::10261644
st_struct_pedestal/66947,PED:JSPED:C217032
mywcom_route_junction/20865,PJCT:SPJCT::10502293
mywcom_route_junction/20812,PJCT:SPJCT::10502602
st_struct_pedestal/66850,PED:JSPED:C211626
st_struct_pedestal/66874,PED:JTPED:C212019
pole/40478,POL:PPOLE:C222830
pole/40403,POL:PPOLE:C226086
st_struct_pedestal/66844,PED:JSPED:C209428
st_struct_pedestal/66966,PED:SST::12686944
mywcom_route_junction/20890,SPJCT:SPJCT:C190282
st_struct_pedestal/66949,PED:JSPED:C213645
pole/40438,POL:PPOLE:C225061
st_struct_pedestal/66983,PED:JSPED:C210012
anchors/9953,ANCH:CO:C17622
anchors/9944,ANCH:JOINT:C17621
st_struct_vault/2415,VAULT:MH-S:C149181
st_struct_pedestal/66954,PED:JSPED:C210077
building/48690,BUILD:BUS::13252701
mywcom_route_junction/20820,PJCT:SPJCT::10261646
st_struct_pedestal/66831,PED:JSPED:C207611
st_struct_pedestal/67008,PED:JTPED:C213191
st_struct_pedestal/66958,PED:JSPED:C186170
pole/40432,POL:PPOLE:C224201
mywcom_route_junction/20819,PJCT:SPJCT::10543596
st_struct_pedestal/66859,PED:JSPED:C213153
mywcom_route_junction/20845,PJCT:SPJCT::10865803
st_struct_vault/2409,VAULT:MH-S::11542922
st_struct_pedestal/66967,PED:JSPED:C211544
st_struct_pedestal/66892,PED:JSPED:C213208
pole/40466,POL:PPOLE:C195963
st_struct_pedestal/66971,PED:JLAPD:C211580
mywcom_route_junction/20875,SPJCT:SPJCT:C216501
pole/40445,POL:PPOLE:C224898
st_struct_pedestal/66982,PED:SST:C188733
st_struct_pedestal/66884,PED:JSPED:C211781
st_struct_pedestal/66862,PED:JSPED:C213055
st_struct_pedestal/67003,PED:JSPED:C213521
st_struct_pedestal/66917,PED:JSPED:C216138
st_struct_pedestal/67022,PED:JSPED:C165845
building/48684,BUILD:BUS:C217179
st_struct_pedestal/66959,PED:JSPED:C209418
st_struct_pedestal/66906,PED:JSPED:C216924
pole/40454,POL:PPOLE:C225211
building/48711,BUILD:BUS:C216632
pole/40458,POL:PPOLE:C222939
pole/40472,POL:PPOLE:C224842
pole/40419,POL:PPOLE:C224111
st_struct_pedestal/66888,PED:JLAPD:C223003
st_struct_pedestal/67029,PED:SST:C186062
st_struct_pedestal/67006,PED:JSPED:C209659
pole/40474,POL:PPOLE:C225311
st_struct_pedestal/66990,PED:JSPED:C209920
pole/40430,POL:PPOLE:C196078
mywcom_route_junction/20838,PJCT:SPJCT::10502605
pole/40425,POL:PPOLE:C195365
mywcom_route_junction/20826,PJCT:SPJCT::10865805
st_struct_pedestal/66848,PED:JSPED:C216178
mywcom_route_junction/20850,SPJCT:SPJCT::13252702
anchors/9951,ANCH:CO:C17376
st_struct_pedestal/66857,PED:JSPED:C216244
st_struct_pedestal/66933,PED:JSPED:C217038
anchors/9947,ANCH:CO:C17498
st_struct_pedestal/66952,PED:JSPED:C213448
mywcom_route_junction/20860,SPJCT:SPJCT:C222840
building/48716,BUILD:BUS:C216968
st_struct_pedestal/66847,PED:JSPED:C213119
st_struct_pedestal/66867,PED:JSPED:C213061
pole/40440,POL:PPOLE:C225128
st_struct_pedestal/66901,PED:JSPED:C213446
pole/40461,POL:PPOLE:C224855
st_struct_pedestal/66992,PED:JSPED:C213558
st_struct_pedestal/66972,PED:JUPED::10589962
pole/40410,POL:PPOLE:C223094
st_struct_pedestal/66914,PED:SST::10260687
mywcom_route_junction/20855,SPJCT:SPJCT:C214993
st_struct_pedestal/66942,PED:JSPED:C216885
st_struct_pedestal/66924,PED:SST::10261015
mywcom_route_junction/20886,PJCT:SPJCT::10502286
st_struct_vault/2414,VAULT:MH-S:C184176
mywcom_route_junction/20817,SPJCT:SPJCT:C212146
st_struct_vault/2404,VAULT:MH-S:C184422
mywcom_route_junction/20873,SPJCT:SPJCT:C216888
mywcom_route_junction/20853,SPJCT:SPJCT::7927194
st_struct_pedestal/66893,PED:JSPED:C213162
anchors/9933,ANCH:CO:C17515
anchors/9940,ANCH:JOINT:C17495
st_struct_pedestal/67027,PED:SST::11621644
st_struct_pedestal/67025,PED:JUPED::10589964
st_struct_pedestal/66957,PED:JSPED:C264590
st_struct_pedestal/67031,PED:SST:C198197
st_struct_pedestal/67012,PED:SST::10797642
st_struct_pedestal/66854,PED:JUPED::10589963
mywcom_route_junction/20832,SPJCT:SPJCT:C217203
mywcom_route_junction/20884,SPJCT:SPJCT::7111227
st_struct_pedestal/66853,PED:JSPED:C209358
st_struct_pedestal/66931,PED:JSPED:C216135
pole/40404,POL:PPOLE:C225076
st_struct_pedestal/67013,PED:SST:C213102
anchors/9952,ANCH:JOINT:C17609
st_struct_pedestal/66856,PED:JSPED:C213573
mywcom_route_junction/20880,SPJCT:SPJCT:C242822
st_struct_pedestal/66883,PED:JSPED:C216212
building/48710,BUILD:BUS:C217016
st_struct_pedestal/66843,PED:JTPED:C165835
building/48704,BUILD:MDU::13085655
st_struct_pedestal/66894,PED:JSPED:C243419
mywcom_route_junction/20872,SPJCT:SPJCT:C195277
mywcom_route_junction/20891,PJCT:SPJCT::10522814
st_struct_pedestal/66858,PED:JUPED::7736474
building/48687,BUILD:BUS:C216552
mywcom_route_junction/20856,PJCT:SPJCT::10543597
st_struct_pedestal/67028,PED:SST:C219591
anchors/9936,ANCH:CO:C18533
mywcom_route_junction/20833,SPJCT:SPJCT:C211701
mywcom_route_junction/20822,PJCT:SPJCT::10504204
pole/40416,POL:PPOLE:C224915
anchors/9935,ANCH:CO:C17623
pole/40455,POL:PPOLE:C225260
st_struct_buried_splice_location/2597,CLOSR:BSCLS:C219712
st_struct_vault/2416,VAULT:MH-S:C188742
cabinet/2412,CAB:JWI:C188726
mywcom_route_junction/20842,SPJCT:SPJCT::7203372
pole/40435,POL:PPOLE:C224237
mywcom_route_junction/20811,PJCT:SPJCT::10797978
st_struct_pedestal/66896,PED:JSPED:C186101
st_struct_pedestal/66939,PED:JSPED:C186086
st_struct_pedestal/66845,PED:JTPED:C212405
pole/40426,POL:PPOLE:C241002
st_struct_pedestal/66865,PED:JSPED:C207601
st_struct_pedestal/66834,PED:JUPED::10543595
st_struct_pedestal/66998,PED:JSPED:C186073
st_struct_pedestal/66940,PED:JSPED:C216187
st_struct_pedestal/66932,PED:JTPED:C216953
st_struct_pedestal/66988,PED:JSPED:C209909
anchors/9950,ANCH:JOINT:C15924
anchors/9949,ANCH:JOINT:C17686
st_struct_pedestal/66986,PED:SST::10261006
st_struct_pedestal/66978,PED:JSPED:C216236
st_struct_pedestal/66905,PED:JTPED:C222402
anchors/9957,ANCH:JOINT:C17457
st_struct_pedestal/66876,PED:JSPED:C211766
pole/40433,POL:PPOLE:C195983
mywcom_route_junction/20854,PJCT:SPJCT::10260689
pole/40412,POL:PPOLE:C225264
cabinet/2409,CAB:FC:C303413
st_struct_pedestal/66961,PED:JUPED::7736475
mywcom_route_junction/20888,SPJCT:SPJCT:C264593
st_struct_pedestal/67015,PED:SST::10260693
st_struct_pedestal/66962,PED:JTPED:C212252
st_struct_vault/2405,VAULT:MH-T:C185612
st_struct_pedestal/66837,PED:JTPED:C213071
cabinet/2407,CAB:JWI:C163553
mywcom_route_junction/20840,SPJCT:SPJCT::7203373
st_struct_pedestal/66825,PED:SST:C212204
mywcom_route_junction/20801,PJCT:SPJCT::10261013
building/48685,BUILD:BUS:C217216
st_struct_pedestal/66965,PED:JSPED:C211618
building/48717,BUILD:BUS:C217141
pole/40422,POL:PPOLE:C224169
building/48692,BUILD:BUS::13280922
mywcom_route_junction/20877,PJCT:SPJCT::10502287
mywcom_route_junction/20803,PJCT:SPJCT::10845658
st_struct_pedestal/66816,PED:JSPED:C216978
st_struct_pedestal/66839,PED:JTPED:C211571
mywcom_route_junction/20846,SPJCT:SPJCT:C216301
st_struct_pedestal/67002,PED:JSPED:C212315
st_struct_pedestal/66830,PED:SST:C216965
building/48688,BUILD:BUS:C245407
mywcom_route_junction/20836,SPJCT:SPJCT:C217135
pole/40467,POL:PPOLE:C224865
building/48707,BUILD:BUS:C216599
anchors/9946,ANCH:JOINT:C18832
pole/40447,POL:PPOLE:C225156
st_struct_pedestal/67023,PED:JSPED:C211935
mywcom_route_junction/20869,PJCT:SPJCT::10261645
st_struct_pedestal/66838,PED:JSPED:C213089
pole/40460,POL:PPOLE:C225069
st_struct_pedestal/66915,PED:JSPED:C216100
st_struct_pedestal/66950,PED:JSPED:C209441
mywcom_route_junction/20852,SPJCT:SPJCT::7203034
st_struct_pedestal/66977,PED:JSPED:C217026
building/48689,BUILD:BUS:C217157
st_struct_pedestal/66963,PED:JSPED:C209997
pole/40424,POL:PPOLE:C223017
st_struct_pedestal/66819,PED:JSPED:C213418
st_struct_pedestal/66871,PED:JTPED:C216143
anchors/9937,ANCH:JOINT:C15953
st_struct_pedestal/66829,PED:JSPED:C213415
st_struct_pedestal/66860,PED:JSPED:C213649
pole/40469,POL:PPOLE:C195326
st_struct_pedestal/66913,PED:JSPED:C186149
mywcom_route_junction/20859,PJCT:SPJCT::10261647
st_struct_pedestal/67030,PED:SST:C323000
mywcom_route_junction/20797,SPJCT:SPJCT::7153114
anchors/9959,ANCH:CO:C17485
st_struct_pedestal/66903,PED:JSPED:C210112
st_struct_pedestal/66827,PED:SST::10523083
st_struct_pedestal/66945,PED:JUPED::10504202
pole/40431,POL:PPOLE:C226079
mywcom_route_junction/20823,SPJCT:SPJCT::8141914
st_struct_pedestal/66927,PED:JTPED:C216952
st_struct_pedestal/66981,PED:JSPED:C212311
st_struct_pedestal/66911,PED:JSPED:C216942
pole/40465,POL:PPOLE:C313882
st_struct_pedestal/66951,PED:SST::10504203
st_struct_pedestal/66955,PED:JTPED:C209462
pole/40481,POL:PPOLE:C164705
st_struct_pedestal/66890,PED:SST::10498154
anchors/9958,ANCH:JOINT:C17453
mywcom_route_junction/20841,SPJCT:SPJCT:C227095
st_struct_pedestal/66849,PED:JSPED:C211996
mywcom_route_junction/20861,PJCT:SPJCT::11235083
st_struct_pedestal/67021,PED:JSPED:C214266
st_struct_pedestal/67016,PED:JSPED:C212344
st_struct_pedestal/66995,PED:JSPED:C210104
building/48695,BUILD:BUS:C216337
pole/40417,POL:PPOLE:C195561
st_struct_pedestal/66964,PED:JSPED:C217318
st_struct_pedestal/67004,PED:SST::10500687
mywcom_route_junction/20882,SPJCT:SPJCT:C163017
st_struct_pedestal/67007,PED:JSPED:C216878
st_struct_pedestal/66930,PED:JSPED:C213652
st_struct_pedestal/66828,PED:SST::10260691
anchors/9960,ANCH:CO:C18632
st_struct_pedestal/67033,PED:JSPED:C209262
st_struct_pedestal/66895,PED:JSPED:C209396
pole/40477,POL:PPOLE:C226094
anchors/9941,ANCH:JOINT:C17508
st_struct_pedestal/66920,PED:JSPED:C217312
mywcom_route_junction/20835,PJCT:SPJCT::10261012
st_struct_pedestal/66934,PED:JSPED:C213667
st_struct_pedestal/66970,PED:JTPED:C209466
pole/40415,POL:PPOLE:C225215
st_struct_vault/2411,VAULT:MH-S:C185501
st_struct_pedestal/66944,PED:JTPED:C213313
mywcom_route_junction/20867,SPJCT:SPJCT:C209422
pole/40479,POL:PPOLE:C191715
st_struct_pedestal/66946,PED:JSPED:C211558
building/48699,BUILD:CDO:C230351
st_struct_pedestal/66841,PED:FPED::11403746
st_struct_pedestal/66973,PED:SST:C217046
st_struct_pedestal/66852,PED:SST:C188718
pole/40421,POL:PPOLE:C225081
mywcom_route_junction/20810,PJCT:SPJCT::10260688
st_struct_pedestal/66864,PED:JSPED:C216852
pole/40471,POL:PPOLE:C224887
cabinet/2408,CAB:EC:C212987
st_struct_pedestal/66941,PED:JSPED:C213424
anchors/9932,ANCH:CO:C15934
pole/40429,POL:PPOLE:C225137
st_struct_pedestal/66937,PED:JSPED::11203427
st_struct_pedestal/66820,PED:SST::10260690
mywcom_route_junction/20862,PJCT:SPJCT::10502282
anchors/9945,ANCH:JOINT:C17657
st_struct_vault/2410,VAULT:MH-S:C185300
st_struct_pedestal/66928,PED:JSPED:C214999
building/48694,BUILD:BUS::7737437
st_struct_pedestal/66868,PED:JTPED:C217194
st_struct_vault/2408,VAULT:MH-S:C184476
st_struct_pedestal/66836,PED:JSPED:C209976
st_struct_pedestal/66993,PED:JSPED:C212359
pole/40452,POL:PPOLE:C224192
st_struct_pedestal/66897,PED:JSPED:C213159
anchors/9962,ANCH:JOINT:C18831
pole/40441,POL:PPOLE:C224209
st_struct_pedestal/66823,PED:JTPED:C213451
mywcom_route_junction/20804,SPJCT:SPJCT::7153115
mywcom_route_junction/20799,SPJCT:SPJCT:C216341
st_struct_pedestal/66898,PED:JTPED:C211543
pole/40451,POL:PPOLE:C195564
pole/40409,POL:PPOLE:C224733
mywcom_route_junction/20843,SPJCT:SPJCT:C222820
st_struct_vault/2413,VAULT:MH-T:C185655
building/48712,BUILD:BUS:C216422
mywcom_route_junction/20839,SPJCT:SPJCT:C217171
building/48703,BUILD:BUS:C217173
pole/40399,POL:PPOLE:C225299
pole/40402,POL:PPOLE:C225141
st_struct_pedestal/67034,PED:SST:C214304
st_struct_pedestal/66824,PED:JSPED:C211500
mywcom_route_junction/20864,PJCT:SPJCT::10502291
mywcom_route_junction/20821,SPJCT:SPJCT:C188704
st_struct_pedestal/67010,PED:JSPED:C211863
anchors/9955,ANCH:JOINT:C15925
building/48714,BUILD:BUS:C224103
pole/40475,POL:PPOLE:C225140
building/48715,BUILD:BUS:C165849
pole/40400,POL:PPOLE:C223077
pole/40449,POL:PPOLE:C225126
st_struct_pedestal/66999,PED:JSPED:C216182
st_struct_pedestal/66925,PED:SST:C227104
st_struct_pedestal/66879,PED:JSPED:C216124
st_struct_pedestal/66851,PED:JSPED:C216964
mywcom_route_junction/20871,PJCT:SPJCT::10260686
st_struct_pedestal/66938,PED:JSPED:C212227
st_struct_pedestal/66826,PED:JSPED:C216967
anchors/9956,ANCH:JOINT:C15947
st_struct_pedestal/67009,PED:SST:C216983
pole/40457,POL:PPOLE:C224722
pole/40428,POL:PPOLE:C196345
mywcom_route_junction/20863,SPJCT:SPJCT:C214235
st_struct_pedestal/66902,PED:JSPED:C212333
pole/40413,POL:PPOLE:C224719
mywcom_route_junction/20827,PJCT:SPJCT::10465515
st_struct_pedestal/67019,PED:JSPED:C216249
pole/40462,POL:PPOLE:C224912
st_struct_pedestal/66875,PED:JSPED:C209386
st_struct_pedestal/66842,PED:JSPED:C212156
mywcom_route_junction/20857,SPJCT:SPJCT:C209811
st_struct_pedestal/66855,PED:JSPED:C213419
st_struct_pedestal/66956,PED:JSPED:C209372
st_struct_pedestal/66866,PED:SST:C216323
st_struct_pedestal/66899,PED:JSPED:C186065
st_struct_vault/2412,VAULT:MH-S:C185773
st_struct_pedestal/66922,PED:JSPED:C217304
pole/40437,POL:PPOLE:C224873
st_struct_pedestal/66912,PED:JSPED:C213097
pole/40442,POL:PPOLE:C224156
pole/40401,POL:PPOLE:C195660
st_struct_pedestal/67014,PED:SST:C211713
pole/40420,POL:PPOLE:C226092
st_struct_pedestal/66900,PED:JSPED:C211860
mywcom_route_junction/20802,PJCT:SPJCT::10797646
st_struct_pedestal/66907,PED:JTPED:C217055
mywcom_route_junction/20870,PJCT:SPJCT::10502284
st_struct_pedestal/67035,PED:SST:C207366
mywcom_route_junction/20885,PJCT:SPJCT::10543594
st_struct_pedestal/66872,PED:JSPED:C210015
pole/40443,POL:PPOLE:C224753
pole/40448,POL:PPOLE:C225052
mywcom_route_junction/20807,SPJCT:SPJCT:C195352
st_struct_pedestal/67018,PED:JSPED:C211776
pole/40476,POL:PPOLE:C226082
st_struct_pedestal/66910,PED:SST::10797644
mywcom_route_junction/20825,SPJCT:SPJCT::7312154
st_struct_pedestal/66996,PED:SST:C227085
st_struct_pedestal/66918,PED:JSPED:C213032
building/48713,BUILD:BUS:C214598
anchors/9961,ANCH:CO:C17456
mywcom_route_junction/20889,SPJCT:SPJCT:C237872
st_struct_pedestal/66968,PED:SST::10261007
mywcom_route_junction/20824,SPJCT:SPJCT:C228670
cabinet/2414,CAB:JWI:C194304
st_struct_pedestal/66985,PED:SST::10261009
st_struct_pedestal/66929,PED:JTPED:C216232
st_struct_pedestal/66891,PED:JSPED:C211589
pole/40453,POL:PPOLE:C224728
mywcom_route_junction/20874,SPJCT:SPJCT:C213076
st_struct_pedestal/66904,PED:JTPED:C214238
st_struct_pedestal/66840,PED:SST::10500684
st_struct_pedestal/67024,PED:JLAPD:C224128
mywcom_route_junction/20806,PJCT:SPJCT::10261649
pole/40414,POL:PPOLE:C224232
mywcom_route_junction/20831,SPJCT:SPJCT::11560843
mywcom_route_junction/20798,PJCT:SPJCT::10500682
anchors/9948,ANCH:CO:C17499
st_struct_pedestal/66880,PED:JTPED:C216293
mywcom_route_junction/20847,SPJCT:SPJCT:C213589
building/48702,BUILD:BUS:C213698
mywcom_route_junction/20815,SPJCT:SPJCT::7082714
mywcom_route_junction/20808,SPJCT:SPJCT::11560842
mywcom_route_junction/20818,SPJCT:SPJCT:C217272
mywcom_route_junction/20813,PJCT:SPJCT::10865806
pole/40418,POL:PPOLE:C224746
building/48698,BUILD:BUS:C217139
st_struct_pedestal/66908,PED:JTPED:C212449
st_struct_pedestal/66832,PED:SST::10261642
pole/40459,POL:PPOLE:C224697
pole/40423,POL:PPOLE:C225305
mywcom_route_junction/20858,PJCT:SPJCT::10797645
st_struct_pedestal/66979,PED:JSPED:C212222
pole/40411,POL:PPOLE:C224877
mywcom_route_junction/20796,SPJCT:SPJCT::7201754
st_struct_pedestal/66886,PED:SST:C213225
pole/40406,POL:PPOLE:C222955
st_struct_pedestal/66943,PED:JSPED:C165830
mywcom_route_junction/20828,SPJCT:SPJCT:C216962
st_struct_pedestal/67020,PED:JSPED:C213594
mywcom_route_junction/20866,PJCT:SPJCT::10260685
st_struct_pedestal/66818,PED:JTPED:C216938
st_struct_pedestal/66974,PED:SST::10798618
mywcom_route_junction/20876,SPJCT:SPJCT::8606890
st_struct_pedestal/67017,PED:SST:C188758
st_struct_pedestal/66936,PED:SST::7737434
building/48705,BUILD:BUS::11416552
building/48700,BUILD:BUS:C216579
anchors/9943,ANCH:JOINT:C17608
mywcom_route_junction/20881,PJCT:SPJCT::10594443
st_struct_pedestal/66948,PED:JSPED:C213057
building/48709,BUILD:MDU::13085656
pole/40480,POL:PPOLE:C227963
building/48701,BUILD:BUS:C217206
building/48693,BUILD:BUS:C197765
anchors/9942,ANCH:JOINT:C17518
st_struct_pedestal/66878,PED:SST::7737436
st_struct_pedestal/67000,PED:JSPED:C209410
building/48706,BUILD:BUS:C216977
mywcom_route_junction/20892,SPJCT:SPJCT:C214443
pole/40456,POL:PPOLE:C222987
pole/40446,POL:PPOLE:C224892
st_struct_pedestal/66989,PED:JSPED:C186104
mywcom_route_junction/20809,SPJCT:SPJCT:C209404
cabinet/2406,CAB:EC:C163548
st_struct_pedestal/66870,PED:JSPED:C211853
st_struct_pedestal/66885,PED:SST:C213926
cabinet/2410,CAB:JWIEX:C271967
st_struct_pedestal/66984,PED:JSPED:C212368
pole/40470,POL:PPOLE:C225130
st_struct_vault/2403,VAULT:MH-S:C184457
building/48697,BUILD:BUS:C264630
st_struct_pedestal/66821,PED:JSPED:C213550
st_struct_pedestal/67011,PED:JSPED:C224727
st_struct_pedestal/66822,PED:JSPED:C213214
pole/40397,POL:PPOLE:C224163
mywcom_route_junction/20849,SPJCT:SPJCT:C216621
anchors/9939,ANCH:JOINT:C17472
pole/40398,POL:PPOLE:C224241
st_struct_vault/2407,VAULT:MH-T:C184333
mywcom_route_junction/20878,SPJCT:SPJCT:C233863
st_struct_pedestal/66991,PED:SST::10500686
st_struct_pedestal/67001,PED:JSPED:C209271
st_struct_pedestal/66909,PED:JTPED:C224333
st_struct_pedestal/66953,PED:JSPED:C210119
mywcom_route_junction/20883,SPJCT:SPJCT:C213944
pole/40468,POL:PPOLE:C224222
st_struct_pedestal/66926,PED:JSPED:C186164
st_struct_pedestal/66935,PED:JSPED:C213438
pole/40439,POL:PPOLE:C224239
mywcom_route_junction/20879,SPJCT:SPJCT:C202552
st_struct_pedestal/66960,PED:SST::10261017
st_struct_pedestal/66975,PED:JSPED:C213004
st_struct_pedestal/66877,PED:SST::10797643
cabinet/2411,CAB:JWI:C228594
st_struct_pedestal/66873,PED:JSPED:C212343
building/48696,BUILD:BUS:C217187
mywcom_route_junction/20887,SPJCT:SPJCT:C224528
mywcom_route_junction/20816,PJCT:SPJCT::10305189
mywcom_route_junction/20834,SPJCT:SPJCT:C166202
mywcom_route_junction/20814,PJCT:SPJCT::10523084
mywcom_route_junction/20844,SPJCT:SPJCT:C213269
st_struct_pedestal/67032,PED:SST:C208940
st_struct_pedestal/66863,PED:JSPED:C214243
pole/40444,POL:PPOLE:C224735
pole/40436,POL:PPOLE:C225080
building/48691,BUILD:BUS:C216626
pole/40473,POL:PPOLE:C225309
pole/40450,POL:PPOLE:C224181
anchors/9938,ANCH:JOINT:C17452
pole/40427,POL:PPOLE:C223063
cabinet/2413,CAB:FC::12720212
mywcom_route_junction/20837,PJCT:SPJCT::10261014
pole/40464,POL:PPOLE:C224913
st_struct_pedestal/66889,PED:JSPED:C213655
mywcom_route_junction/20830,SPJCT:SPJCT:C216239
st_struct_pedestal/66976,PED:JSPED:C211760
st_struct_pedestal/66994,PED:JSPED:C214271
st_struct_pedestal/66869,PED:JSPED:C209815
st_struct_pedestal/67005,PED:JTPED:C211868
st_struct_pedestal/66997,PED:SST::7814874
st_struct_pedestal/67026,PED:SST::10615247
st_struct_pedestal/66987,PED:JTPED:C186183
mywcom_route_junction/20829,SPJCT:SPJCT:C211904
anchors/9954,ANCH:CO:C17655
st_struct_vault/2406,CLOSR:PLBX::10984843
st_struct_pedestal/66881,PED:JSPED:C213053
mywcom_route_junction/20800,PJCT:SPJCT::10261650
st_struct_pedestal/66969,PED:SST:C185583
st_struct_pedestal/66887,PED:JLAPD:C216895
st_struct_pedestal/66921,PED:SST:C165827
building/48686,BUILD:BUS:C216986
pole/40408,POL:PPOLE:C225074
mywcom_route_junction/20805,SPJCT:SPJCT:C213416
anchors/9934,ANCH:CO:C17610
